Song Title,Artist Name,Key,BPM,Year,Style
Never Tear Us Apart,INXS,Am,64,1988,Alternative,
Fix You,Coldplay,Eb,69,2005,Alternative,
Paradise,Coldplay,Dm,70,2011,Alternative,
The Scientist,Coldplay,F,73,2002,Alternative,
Don't Speak,No Doubt,Cm,76,1996,Alternative,
Fly Away,Lenny Kravitz,G,80,1998,Alternative,
Under the Bridge,Red Hot Chili Peppers,E,84,1992,Alternative,
Zombie,The Cranberries,Em,84,1994,Alternative,
How You Remind Me,Nickelback,Cm,86,2001,Alternative,
Wonderwall,Oasis,F#m,87,1995,Alternative,
Killing in the Name,Rage Against the Machine,Dm,88,1992,Alternative,
Scar Tissue,Red Hot Chili Peppers,F,89,1999,Alternative,
We Are Young,Fun & Janelle Monáe,F,92,2011,Alternative,
Ode to My Family,The Cranberries,D,95,1994,Alternative,
Linger,The Cranberries,D,95,1993,Alternative,
Sailor Song,Gigi Perez,G#m,95,2024,Alternative,
Thrift Shop,Macklemore & Ryan Lewis & Wanz,G#m,95,2012,Alternative,
Californication,Red Hot Chili Peppers,Am,97,1999,Alternative,
Electric Feel,MGMT,Cm,103,2007,Alternative,
Black Hole Sun,Soundgarden,Ab,106,1994,Alternative,
Snow (Hey Oh),Red Hot Chili Peppers,G#m,106,2006,Alternative,
Messy,Lola Young,A,111,2024,Alternative,
Too Sweet,Hozier,Gm,117,2024,Alternative,
Safe And Sound,Capital Cities,C,118,2011,Alternative,
Kids,MGMT,F#m,123,2008,Alternative,
Otherside,Red Hot Chili Peppers,C,124,2000,Alternative,
Sweater Weather,The Neighbourhood,Gm,124,2013,Alternative,
A Sky Full of Stars,Coldplay,Ebm,125,2014,Alternative,
Losing My Religion,R.E.M.,Am,126,1991,Alternative,
Budapest,George Ezra,F,128,2013,Alternative,
Dreams,The Cranberries,E,129,1992,Alternative,
All the Small Things,Blink-182,C,148,1999,Alternative,
Ride,Twenty One Pilots,F#,150,2015,Alternative,
As It Was,Harry Styles,A,174,2022,Alternative,
Clint Eastwood,Gorillaz,Ebm,84.010,2001,Alternative,
Yellow,Coldplay,B,86.750,2000,Alternative,
On Melancholy Hill,Gorillaz,D,120.410,2010,Alternative,
I Follow Rivers,Lykke Li,Dm,121.970,2011,Alternative,
Clocks,Coldplay,Eb,131.210,2002,Alternative,
Feel Good Inc.,Gorillaz,Ebm,138.520,2005,Alternative,
Crazy,Aerosmith,A,54,1993,Blues,
Don't Let Me Down,The Beatles,E,76,1969,Blues,
Feeling Good,Nina Simone,Gm,76,1965,Blues,
Ain't No Sunshine,Bill Withers,Am,79,1971,Blues,
Come Together,The Beatles,Dm,84,1969,Blues,
Rock Me Baby,B.B. King,C,90,1964,Blues,
I Got a Woman,Ray Charles,A,99,1954,Blues,
Sunshine of Your Love,Cream,D,116,1968,Blues,
(I Can't Get No) Satisfaction,The Rolling Stones,E,137,1965,Blues,
Hallelujah I Love Her So,Ray Charles,B,147,1956,Blues,
Hit the Road Jack,Ray Charles,G#m,172,1961,Blues,
Overjoyed,Stevie Wonder,Eb,83,1986,Christmas,
Say Something,Justin Timberlake & Chris Stapleton,Cm,97,2018,Country,
Hey Soul Sister (Country Mix),Train,E,97,2010,Country,
Man! I Feel Like a Woman!,Shania Twain,Bb,125,1996,Country,
Back at One,Mark Wills,B,64.925,1999,Country,
You're Still The One,Shania Twain,Eb,67.010,1997,Country,
Roar,Katy Perry,Bb,90,2013,Dance,
Single Ladies (Put a Ring on It),Beyoncé,E,97,2008,Dance,
Lean On,Major Lazer & MØ & DJ Snake,Gm,98,2015,Dance,
Pon de Replay,Rihanna,F#m,99,2005,Dance,
Someone Like You (remix),Ziggy in tha House,G,99,2025,Dance,
Sorry,Justin Bieber,Cm,100,2015,Dance,
Versace on the Floor (vs David Guetta),Bruno Mars,D,100,2017,Dance,
Stay,Zedd & Alessia Cara,Fm,102,2017,Dance,
What's Love Got to Do with It,Kygo,B,105,2020,Dance,
Dance the Night,Barbie (2023 film) (Dua Lipa),Bm,110,2023,Dance,
Kiss Me More,Doja Cat & SZA,Ab,111,2021,Dance,
A Little Less Conversation,Junkie XL & Elvis Presley,E,115,2002,Dance,
Cuff It,Beyoncé,Em,115,2022,Dance,
Break My Soul,Beyoncé,G#m,115,2022,Dance,
Cold Heart (PNAU remix),Dua Lipa & Elton John,Bbm,116,2021,Dance,
Murder on the Dancefloor (PNAU remix),Sophie Ellis Bextor,E,116,2024,Dance,
Sexyback,Justin Timberlake & Timbaland,Dm,117,2006,Dance,
Next to Me,Rüfüs Du Sol,Em,118,2021,Dance,
Bad Romance,Lady Gaga,Am,119,2009,Dance,
Poker Face,Lady Gaga,G#m,119,2008,Dance,
Stand by Me (remix),Ivan Jack (45 Stars),Bb,120,2021,Dance,
Dynamite,Taio Cruz,C#m,120,2010,Dance,
Alors on danse,Stromae,C#m,120,2009,Dance,
Just Dance,Lady Gaga & Colby O'Donis,C#m,120,2008,Dance,
I'm Every Woman,The Bodyguard (Whitney Houston),Cm,120,1993,Dance,
On My Knees,Rüfüs Du Sol,F,120,2021,Dance,
Call Me Maybe,Carly Rae Jepsen,G,120,2011,Dance,
Flowers (remix),Max Oazo & Miley Cyrus & Bonzana,Bm,122,2023,Dance,
How Deep Is Your Love,Calvin Harris,Em,122,2015,Dance,
Bleeding Love (remix),Leona Lewis,F,122,2008,Dance,
Telephone,Lady Gaga & Beyoncé,Fm,122,2009,Dance,
Rain on Me,Lady Gaga & Ariana Grande,C#m,123,2020,Dance,
One Kiss,Calvin Harris & Dua Lipa,Am,124,2018,Dance,
This Is What You Came For,Calvin Harris & Rihanna,Am,124,2016,Dance,
Bailamos (remix),Enrique Iglesias,Am,124,1999,Dance,
Wake Me Up!,Avicii & Aloe Blacc,Bm,124,2013,Dance,
Lose Control,Meduza & Becky Hill & Goodboys,Cm,124,2019,Dance,
Someone You Loved (Future Humans Remix),Lewis Capaldi,Db,124,2019,Dance,
A Sky Full of Stars,Coldplay,Ebm,125,2014,Dance,
California Gurls,Katy Perry & Snoop Dogg,F,125,2010,Dance,
I Love It,Icona Pop & Charli XCX,Ab,126,2012,Dance,
Bésame mucho (Techno Remix),Dalida,Am,126,1997,Dance,
Hotel Room Service,Pitbull & Nicole Scherzinger,B,126,2009,Dance,
Bad Habits,Ed Sheeran,Bm,126,2021,Dance,
Summertime Sadness (Cedric Gervais Remix),Lana Del Rey,C#m,126,2012,Dance,
Levels (album version),Avicii,C#m,126,2011,Dance,
Only Girl (In the World),Rihanna,D,126,2010,Dance,
Everything (i-Soul Remix),Michael Bublé,D,126,2008,Dance,
Titanium,David Guetta & Sia,Eb,126,2011,Dance,
Closer,Ne-Yo,Em,126,2008,Dance,
Shivers (remix Ofenbach),Ed Sheeran,Bm,127,2021,Dance,
Mr. Saxobeat,Alexandra Stan,Bm,127,2010,Dance,
Waka Waka (Remix),Shakira,D,127,2010,Dance,
I Know You Want Me (Calle Ocho),Pitbull,Dm,127,2009,Dance,
Pursuit of Happiness (Steve Aoki remix),Kid Cudi & MGMT & Ratatat,Am,128,2009,Dance,
I Will Survive (Remix),Gloria Gaynor,Am,128,1990,Dance,
Moves Like Jagger,Maroon 5 & Christina Aguilera,Bm,128,2011,Dance,
Where Have You Been,Rihanna,Cm,128,2011,Dance,
Without You,David Guetta & Usher,D,128,2011,Dance,
Love Generation,Bob Sinclar & Gary Pine,Db,128,2005,Dance,
Destination Calabria,Alex Gaudino,Dm,128,2007,Dance,
The Time (Dirty Bit),Black Eyed Peas,E,128,2010,Dance,
We Found Love,Rihanna & Calvin Harris,Ebm,128,2011,Dance,
Tremor,Dimitri Vegas & Like Mike,F#m,128,2014,Dance,
All of Me (Tiësto Remix),John Legend,Fm,128,2014,Dance,
Summer,Calvin Harris,G,128,2014,Dance,
I Gotta Feeling,Black Eyed Peas,G,128,2009,Dance,
I Gotta Feeling (David Guetta FMIF Remix),Black Eyed Peas,G,128,2009,Dance,
Fergalicious,Fergie & will.i.am,Bbm,129,2006,Dance,
Don't You Worry Child,Swedish House Mafia & John Martin,Bm,129,2012,Dance,
Give Me Everything Tonight,Pitbull,Eb,129,2011,Dance,
Danza kuduro,Don Omar & Lucenzo,Am,130,2010,Dance,
Boom Boom Pow,Black Eyed Peas,Am,130,2009,Dance,
Satisfaction,Benny Benassi,Bb,130,2002,Dance,
Memories,David Guetta & Kid Cudi,Bbm,130,2009,Dance,
Timber,Pitbull & Kesha,G#m,130,2013,Dance,
Scream & Shout,will.i.am & Britney Spears,Gm,130,2012,Dance,
Hot n Cold,Katy Perry,G,132,2008,Dance,
L'amour Toujours,Gigi D'Agostino,D,135,2000,Dance,
Right Now (Na Na Na),Akon,B,138,2008,Dance,
Something Just Like This,The Chainsmokers & Coldplay,Bm,103.007,2017,Dance,
Around the World,Daft Punk,Em,121.300,1997,Dance,
Don't Stop the Music,Rihanna,F#m,122.700,2007,Dance,
One More Time,Daft Punk,D,122.880,2000,Dance,
Can't Get You Out Of My Head,Kylie Minogue,Dm,125.980,2001,Dance,
Lady (Hear Me Tonight),Modjo,Bb,126.020,2000,Dance,
Technologic,Daft Punk,Em,127.450,2005,Dance,
The Rhythm of the Night,Corona & Jenny B,Eb,127.880,1993,Dance,
It's Raining Men,Geri Halliwell,Fm,136.450,2001,Dance,
Toxic,Britney Spears,Cm,142.980,2003,Dance,
I Feel It Coming,The Weeknd & Daft Punk,Eb,93,2016,Disco,
Dancing Queen,ABBA,A,101,1976,Disco,
Kung Fu Fighting,Carl Douglas,D,102,1974,Disco,
Electric Feel,MGMT,Cm,103,2007,Disco,
I Just Might,Bruno Mars,F,103,2026,Disco,
Espresso,Sabrina Carpenter,Am,104,2024,Disco,
Stayin' Alive,Bee Gees,Fm,105,1977,Disco,
More Than a Woman,Bee Gees,E,106,1977,Disco,
24K Magic,Bruno Mars,Fm,107,2016,Disco,
About Damn Time,Lizzo,Ebm,109,2022,Disco,
About Damn Time (clean version),Lizzo,Ebm,109,2022,Disco,
Dance the Night,Barbie (2023 film) (Dua Lipa),Bm,110,2023,Disco,
Give Me the Night,George Benson,Fm,110,1980,Disco,
Get Down on It,Kool and the Gang,Em,112,1981,Disco,
Ladies Night (Single Version),Kool and the Gang,C#m,113,1979,Disco,
Caribbean Queen (No More Love on the Run - Single Version),Billy Ocean,Dm,114,1984,Disco,
I'm Every Woman,Chaka Khan,Cm,115,1978,Disco,
Cuff It,Beyoncé,Em,115,2022,Disco,
Got to Be Real,Cheryl Lynn,Gm,115,1978,Disco,
We Are Family (album version),Sister Sledge,A,116,1979,Disco,
I Will Survive,Gloria Gaynor,Am,116,1978,Disco,
American Boy,Estelle & Kanye West,Em,118,2008,Disco,
We Are Family (Radio Edit),Sister Sledge,A,119,1979,Disco,
Le Freak,Chic,Am,119,1978,Disco,
Don't Stop 'Til You Get Enough,Michael Jackson,B,119,1979,Disco,
About Damn Time (Purple Disco Machine remix),Lizzo,Ebm,119,2022,Disco,
Gimme! Gimme! Gimme! (A Man After Midnight),ABBA,Dm,120,1979,Disco,
Hot Stuff,Donna Summer,Gm,120,1979,Disco,
Celebration,Kool and the Gang,Ab,121,1980,Disco,
Don't Start Now,Dua Lipa,Bm,124,2019,Disco,
Don't Start Now (Purple Disco Machine remix),Dua Lipa,Bm,124,2019,Disco,
"Let's Groove,""Earth, Wind & Fire"",Bm,125,1981,Disco,"
"September,""Earth, Wind & Fire"",F#m,126,1978,Disco,"
Y.M.C.A.,Village People,F#,127,1978,Disco,
I Will Survive (Remix),Gloria Gaynor,Am,128,1990,Disco,
Disco Inferno,The Trammps (Saturday Night Fever film),C,130,1976,Disco,
"Boogie Wonderland,""Earth, Wind & Fire"",Dm,131,1979,Disco,"
Don't Go Breaking My Heart,Elton John & Kiki Dee,F,131,1976,Disco,
Mamma Mia,ABBA,D,137,1975,Disco,
It's Raining Men,Weather Girls,Fm,137,1982,Disco,
Let's Go Dancin' (Ooh La,Kool and the Gang,Ab,96.400,1970,disco,
Lose Yourself to Dance,Daft Punk & Pharrell Williams,Bbm,100.190,2013,Disco,
I Just Might (68th Annual Grammy Performance),Bruno Mars,F,104.980,2026,Disco,
Get Lucky,Daft Punk & Pharrell Williams,Bm,116.050,2013,Disco,
Fresh,Kool and the Gang,Bm,116.850,1984,Disco,
Murder on the Dancefloor,Sophie Ellis Bextor,E,117.290,2001,Disco,
Love Never Felt So Good (feat. Justin Timberlake),Michael Jackson,F,117.500,2014,Disco,
Gypsy Woman (She's Homeless - radio mix),Crystal Waters,Dm,119.875,1991,Disco,
Bad Girls,Donna Summer,Dm,120.450,1979,Disco,
"Funkytown,""Lipps, Inc."",C,122.700,1980,Disco,"
Don't Leave Me This Way,Thelma Houston,C,123.840,1973,Disco,
Macho Man,Village People,F,130.120,1978,Disco,
Disco Inferno,Tina Turner,Eb,131.255,1993,Disco,
It's Raining Men,Geri Halliwell,Fm,136.450,2001,Disco,
Come & Get It,Selena Gomez,Gm,80,2013,Electro,
Samba da Benção,Bebel Gilberto,Db,81,2004,Electro,
Starboy,The Weeknd & Daft Punk,Am,93,2016,Electro,
Friends,Anne-Marie & Marshmello,Am,95,2018,Electro,
Closer,The Chainsmokers & Halsey,Fm,95,2016,Electro,
"Taki Taki,""DJ Snake & Selena Gomez, Ozuna & Cardi B"",C#m,96,2018,Electro,"
Let Me Love You,DJ Snake & Justin Bieber,Cm,100,2016,Electro,
Happier,Marshmello & Bastille,Dm,100,2018,Electro,
New Thang,Redfoo,Gm,100,2014,Electro,
Sexual Healing (Kygo remix),Marvin Gaye,Eb,101,2013,Electro,
"Feels,""Calvin Harris & Katy Perry, Pharrell Williams & Big Sean"",Em,101,2017,Electro,"
No Lie,Dua Lipa & Sean Paul,Am,102,2016,Electro,
Stay,Zedd & Alessia Cara,Fm,102,2017,Electro,
Electric Feel,MGMT,Cm,103,2007,Electro,
What's Love Got to Do with It,Kygo,B,105,2020,Electro,
Mi gente (Remix),J Balvin feat. Beyoncé & Willy William,Em,105,2017,Electro,
Can't Help Falling in Love (Mark Ronson remix),Elvis (film),D,112,2022,Electro,
Crazy in Love (2014 remix),Beyoncé,Dm,115,2014,Electro,
A Little Less Conversation,Junkie XL & Elvis Presley,E,115,2002,Electro,
Love You Like a Love Song,Selena Gomez,C#m,117,2011,Electro,
Save Your Tears (remix),The Weeknd & Ariana Grande,C,118,2021,Electro,
Cheerleader (Felix Jaehn Remix),OMI,E,118,2014,Electro,
About Damn Time (Purple Disco Machine remix),Lizzo,Ebm,119,2022,Electro,
Stand by Me (remix),Ivan Jack (45 Stars),Bb,120,2021,Electro,
Dynamite,Taio Cruz,C#m,120,2010,Electro,
On My Knees,Rüfüs Du Sol,F,120,2021,Electro,
Dare,Gorillaz,Gm,120,2005,Electro,
Hear Me Now,Alok & Bruno Martini & Zeeba,B,122,2016,Electro,
Flowers (remix),Max Oazo & Miley Cyrus & Bonzana,Bm,122,2023,Electro,
How Deep Is Your Love,Calvin Harris,Em,122,2015,Electro,
Wherever You Go,Alok & John Martin,F,122,2021,Electro,
Innerbloom,Rüfüs Du Sol,Gm,122,2015,Electro,
Rain on Me,Lady Gaga & Ariana Grande,C#m,123,2020,Electro,
Kids,MGMT,F#m,123,2008,Electro,
One Kiss,Calvin Harris & Dua Lipa,Am,124,2018,Electro,
This Is What You Came For,Calvin Harris & Rihanna,Am,124,2016,Electro,
Bailamos (remix),Enrique Iglesias,Am,124,1999,Electro,
Don't Start Now (Purple Disco Machine remix),Dua Lipa,Bm,124,2019,Electro,
Wake Me Up!,Avicii & Aloe Blacc,Bm,124,2013,Electro,
Lose Control,Meduza & Becky Hill & Goodboys,Cm,124,2019,Electro,
Someone You Loved (Future Humans Remix),Lewis Capaldi,Db,124,2019,Electro,
Levels (album version),Avicii,C#m,126,2011,Electro,
Everything (i-Soul Remix),Michael Bublé,D,126,2008,Electro,
Que calor,Major Lazer & J Balvin & El Alfa,Eb,126,2019,Electro,
Titanium,David Guetta & Sia,Eb,126,2011,Electro,
Astronomia,Vicetone & Tony Igy,Gm,126,2014,Electro,
Shivers (remix Ofenbach),Ed Sheeran,Bm,127,2021,Electro,
Mr. Saxobeat,Alexandra Stan,Bm,127,2010,Electro,
Pursuit of Happiness (Steve Aoki remix),Kid Cudi & MGMT & Ratatat,Am,128,2009,Electro,
Where Have You Been,Rihanna,Cm,128,2011,Electro,
Without You,David Guetta & Usher,D,128,2011,Electro,
Love Generation,Bob Sinclar & Gary Pine,Db,128,2005,Electro,
Destination Calabria,Alex Gaudino,Dm,128,2007,Electro,
Feel So Close,Calvin Harris,G,128,2011,Electro,
I Gotta Feeling (David Guetta FMIF Remix),Black Eyed Peas,G,128,2009,Electro,
Fergalicious,Fergie & will.i.am,Bbm,129,2006,Electro,
Don't You Worry Child,Swedish House Mafia & John Martin,Bm,129,2012,Electro,
Boom Boom Pow,Black Eyed Peas,Am,130,2009,Electro,
Satisfaction,Benny Benassi,Bb,130,2002,Electro,
Memories,David Guetta & Kid Cudi,Bbm,130,2009,Electro,
Day 'n' Nite,Kid Cudi & Crookers,Em,130,2008,Electro,
Scream & Shout,will.i.am & Britney Spears,Gm,130,2012,Electro,
Dark Horse,Katy Perry & Juicy J,Bbm,132,2013,Electro,
L'amour Toujours,Gigi D'Agostino,D,135,2000,Electro,
19-2000,Gorillaz,G,89.750,2001,Electro,
Lose Yourself to Dance,Daft Punk & Pharrell Williams,Bbm,100.190,2013,Electro,
On Melancholy Hill,Gorillaz,D,120.410,2010,Electro,
Around the World,Daft Punk,Em,121.300,1997,Electro,
One More Time,Daft Punk,D,122.880,2000,Electro,
Lady (Hear Me Tonight),Modjo,Bb,126.020,2000,Electro,
Technologic,Daft Punk,Em,127.450,2005,Electro,
Patience,Guns N' Roses,F#,61,1989,Folk,
Bubbly,Colbie Caillat,A,65,2007,Folk,
Same Mistake,James Blunt,Bb,77,2007,Folk,
Ho Hey,The Lumineers,C,79,2012,Folk,
Thinking Out Loud,Ed Sheeran,D,79,2014,Folk,
Sailor Song,Gigi Perez,G#m,95,2024,Folk,
Hey Soul Sister (Country Mix),Train,E,97,2010,Folk,
Galway Girl,Ed Sheeran,F#m,100,2017,Folk,
Sitting,Jack Johnson,C,105,2000,folk,
Better Together,Jack Johnson,F,110,2005,Folk,
Banana Pancakes,Jack Johnson,G,114,2005,Folk,
Have You Ever Seen the Rain,Creedence Clearwater Revival,C,116,1970,Folk,
Proud Mary,Creedence Clearwater Revival,D,121,1969,Folk,
Budapest,George Ezra,F,128,2013,Folk,
Here Comes the Sun,The Beatles,A,130,1969,Folk,
Cold Heart,Boyce Avenue,Bbm,115.990,2022,Folk,
Alors on danse,Stromae,C#m,120,2009,French pop,
Bésame mucho (Techno Remix),Dalida,Am,126,1997,French pop,
It Ain't Over 'til It's Over,Lenny Kravitz,Db,80,1991,Funk,
God Was Showing Off,Bruno Mars,F#,80,2026,Funk,
Them Changes,Thundercat,Ebm,81,2015,Funk,
Smokin Out the Window,Silk Sonic,D,82,2021,Funk,
Sunday Morning,Maroon 5,C,88,2004,Funk,
Give It Away,Red Hot Chili Peppers,Am,91,1991,Funk,
Just the Two of Us,Grover Washington Jr. & Bill Withers,Fm,96,1981,Funk,
The Payback,James Brown,Bbm,98,1973,Funk,
Versace on the Floor (vs David Guetta),Bruno Mars,D,100,2017,Funk,
Fly as Me,Silk Sonic,Em,100,2021,Funk,
Superstition,Stevie Wonder,Ebm,101,1972,Funk,
"Feels,""Calvin Harris & Katy Perry, Pharrell Williams & Big Sean"",Em,101,2017,Funk,"
Kung Fu Fighting,Carl Douglas,D,102,1974,Funk,
Finesse (remix),Bruno Mars & Cardi B,Fm,105,2018,Funk,
24K Magic,Bruno Mars,Fm,107,2016,Funk,
Sir Duke,Stevie Wonder,B,108,1977,Funk,
Get Up (I Feel Like Being a) Sex Machine,James Brown,Ebm,108,1970,Funk,
"In the Stone (Intro only),""Earth, Wind & Fire"",B,109,1979,Funk,"
About Damn Time,Lizzo,Ebm,109,2022,Funk,
About Damn Time (clean version),Lizzo,Ebm,109,2022,Funk,
Chameleon,Herbie Hancock,Bbm,111,1973,Funk,
Say So,Doja Cat,D,111,2019,Funk,
Cold Sweat,James Brown,D,112,1967,funk,
Skate,Silk Sonic,Dm,112,2021,Funk,
Get Down on It,Kool and the Gang,Em,112,1981,Funk,
Break My Heart,Dua Lipa,Em,113,2020,Funk,
"In the Stone,""Earth, Wind & Fire"",B,114,1979,Funk,"
Caribbean Queen (No More Love on the Run - Single Version),Billy Ocean,Dm,114,1984,Funk,
I'm Every Woman,Chaka Khan,Cm,115,1978,Funk,
Uptown Funk,Bruno Mars & Mark Ronson,Dm,115,2014,Funk,
Treasure,Bruno Mars,Cm,116,2012,Funk,
American Boy,Estelle & Kanye West,Em,118,2008,Funk,
Le Freak,Chic,Am,119,1978,Funk,
Isn't She Lovely,Stevie Wonder,E,119,1976,Funk,
Cake By The Ocean (clean),DNCE,Em,119,2015,Funk,
Cake by the Ocean,DNCE,Em,119,2015,Funk,
Sugar,Maroon 5,Db,120,2014,Funk,
Celebration,Kool and the Gang,Ab,121,1980,Funk,
What a Fool Believes,The Doobie Brothers,Bbm,121,1978,Funk,
This Girl,Kungs,Eb,122,2016,Funk,
"Let's Groove,""Earth, Wind & Fire"",Bm,125,1981,Funk,"
Higher Ground,Stevie Wonder,Ebm,125,1973,Funk,
"September,""Earth, Wind & Fire"",F#m,126,1978,Funk,"
Bonde do Brunão,Bruno Mars,Bbm,130,2025,Funk,
On My Soul,Bruno Mars,Ebm,130,2026,Funk,
"Boogie Wonderland,""Earth, Wind & Fire"",Dm,131,1979,Funk,"
Beggin',Måneskin,Bm,134,2017,Funk,
Higher Ground,Red Hot Chili Peppers,Em,141,1989,Funk,
Proud Mary,Tina Turner & Ike Turner,D,156,1971,Funk,
Happy,Pharrell Williams,Fm,160,2013,Funk,
Virtual Insanity,Jamiroquai,Ebm,91.990,1996,Funk,
Just the Two of Us,Bill Withers,Fm,95.890,1980,Funk,
Lose Yourself to Dance,Daft Punk & Pharrell Williams,Bbm,100.190,2013,Funk,
P.D.A. (We Just Don't Care),John Legend,B,111.500,2007,Funk,
Get Lucky,Daft Punk & Pharrell Williams,Bm,116.050,2013,Funk,
Fresh,Kool and the Gang,Bm,116.850,1984,Funk,
Get Up Offa That Thing,James Brown,F#,117.970,1976,Funk,
"Funkytown,""Lipps, Inc."",C,122.700,1980,Funk,"
Papa Was a Rolling Stone,The Temptations,Bbm,123.972,1972,Funk,
Love Theory,Kirk Franklin,Bbm,97,2019,Gospel,
Civil War,Guns N' Roses,Ebm,75,1993,Hard Rock,
November Rain,Guns N' Roses,B,80,1992,Hard Rock,
Paradise City,Guns N' Roses,F#,103,1987,Hard Rock,
Livin' on a Prayer,Bon Jovi,Em,123,1986,Hard Rock,
Welcome to the Jungle,Guns N' Roses,Eb,124,1987,Hard Rock,
Sweet Child O' Mine,Guns N' Roses,Db,125,1987,Hard Rock,
I Was Made For Lovin' You,Kiss,Ebm,129,1979,Hard Rock,
Rock and Roll All Nite,Kiss,Ab,141,1975,Hard Rock,
Higher Ground,Red Hot Chili Peppers,Em,141,1989,Hard Rock,
Rockstar,Post Malone & 21 Savage,Gm,80,2017,Hip-Hop,
Brown Sugar,D'Angelo,Bm,83,1995,Hip-Hop,
Love The Way You Lie,Eminem & Rihanna,Gm,87,2010,Hip-Hop,
Stereo Hearts,Gym Class Heroes & Adam Levine,A,90,2011,Hip-Hop,
Killing Me Softly,The Fugees & Lauryn Hill,Em,92,1996,Hip-Hop,
Where Is The Love,Black Eyed Peas,F,94,2003,Hip-Hop,
Thrift Shop,Macklemore & Ryan Lewis & Wanz,G#m,95,2012,Hip-Hop,
I Wanna Love You,Akon & Snoop Dogg,Am,100,2006,Hip-Hop,
Fly as Me,Silk Sonic,Em,100,2021,Hip-Hop,
Paint the Town Red,Doja Cat,Gm,100,2023,Hip-Hop,
New Thang,Redfoo,Gm,100,2014,Hip-Hop,
Finesse (remix),Bruno Mars & Cardi B,Fm,105,2018,Hip-Hop,
Yeah!,Usher & Lil' Jon & Ludacris,Gm,105,2004,Hip-Hop,
Woman,Doja Cat,Cm,108,2021,Hip-Hop,
Dangerous,Kardinal Offishall & Akon,Gm,117,2008,Hip-Hop,
Smack That,Akon & Eminem,Fm,119,2006,Hip-Hop,
Congratulations,Post Malone & Quavo,Gb,123,2016,Hip-Hop,
My Humps,Black Eyed Peas,C#m,124,2005,Hip-Hop,
Pursuit of Happiness (Steve Aoki remix),Kid Cudi & MGMT & Ratatat,Am,128,2009,Hip-Hop,
Need to Know,Doja Cat,Ebm,130,2021,Hip-Hop,
Day 'n' Nite (Nightmare),Kid Cudi,Em,138,2009,Hip-Hop,
Pursuit of Happiness,Kid Cudi & MGMT & Ratatat,C,57.650,2009,Hip-Hop,
Clint Eastwood,Gorillaz,Ebm,84.010,2001,Hip-Hop,
Empire State of Mind,Jay-Z & Alicia Keys,F#,86.650,2009,Hip-Hop,
Family Affair,Mary J. Blige,G#m,92.900,2001,Hip-Hop,
Crazy in Love,Beyoncé & Jay-Z,D,99.270,2003,Hip-Hop,
Feel Good Inc.,Gorillaz,Ebm,138.520,2005,Hip-Hop,
Harder,Daft Punk,F#m,123,2001,house,
World,Bob Sinclar,G#m,127,2006,house,
I Put a Spell on You,Nina Simone,F#m,59,1965,Jazz,
Creep (feat. Haley Reinhart),Postmodern Jukebox,F,60,2015,Jazz,
Misty (Play-Along Backing Tracks),Jazz Standards,Eb,62,1954,Jazz,
Água de Beber,Astrud Gilberto,Am,74,1965,Jazz,
Feeling Good,Nina Simone,Gm,76,1965,Jazz,
Feeling Good,Michael Bublé,Ebm,77,2006,Jazz,
Samba da Benção,Bebel Gilberto,Db,81,2004,Jazz,
Them Changes,Thundercat,Ebm,81,2015,Jazz,
Is It a Crime,Sade,Cm,82,1985,Jazz,
Triste,Antônio Carlos Jobim,A,83,1967,Jazz,
O barquinho,João Gilberto & Antônio Carlos Jobim,G,86,1961,Jazz,
Summertime (Play-Along Backing Tracks),Jazz Standards,Am,88,1935,Jazz,
Don't Know Why,Norah Jones,Bb,88,2002,Jazz,
O pato,João Gilberto,D,88,1962,Jazz,
Eu sei que vou te amar,Antônio Carlos Jobim,Db,90,1987,Jazz,
Take It Easy My Brother Charlie,Astrud Gilberto,Am,96,1972,Jazz,
Manhã de Carnaval,Astrud Gilberto,Dm,96,1965,Jazz,
I Got a Woman,Ray Charles,A,99,1954,Jazz,
Goodbye Sadness (Tristeza),Astrud Gilberto,Bb,101,1967,Jazz,
Valerie ('68 version),Amy Winehouse,Eb,101,2011,Jazz,
Meditation,Frank Sinatra & Antônio Carlos Jobim,Bb,105,1967,Jazz,
Quiet Nights of Quiet Stars (Corcovado),Frank Sinatra & Antônio Carlos Jobim,Am,107,1967,Jazz,
Chameleon,Herbie Hancock,Bbm,111,1973,Jazz,
Brazil (Aquarela do Brasil),Antônio Carlos Jobim,Eb,111,1970,Jazz,
Fly Me to the Moon,Jazz Standards,Dm,115,1954,Jazz,
So Nice (Summer Samba),Astrud Gilberto,Db,116,1967,Jazz,
Cantaloupe Island,Herbie Hancock,Fm,116,1964,Jazz,
My Baby Just Cares for Me,Nina Simone,A,119,1959,Jazz,
If I Ain't Got You,Alicia Keys,G,119,2004,Jazz,
Is This Love,Groove Da Praia,A,120,2005,Jazz,
Bésame mucho (spanish vocal),1940s Standards,Cm,120,1941,Jazz,
Insensatez,Stan Getz & Luiz Bonfá,Am,128,1963,Jazz,
Corcovado (Quiet Nights of Quiet Stars),Astrud Gilberto & Stan Getz & João Gilberto,C,129,1964,Jazz,
Watermelon Man,Herbie Hancock,Fm,129,1962,Jazz,
All of Me,Jazz Standards,C,130,1931,Jazz,
The Way You Look Tonight,Frank Sinatra,Eb,132,1964,Jazz,
Meditation,Astrud Gilberto,G,132,1965,Jazz,
Cheek to Cheek,Ella Fitzgerald,F,134,1956,Jazz,
The Girl from Ipanema (Play-Along Backing Tracks),Jazz Standards,C,136,1962,Jazz,
All Blues,Jazz Standards,G,138,1959,Jazz,
Desafinado (Off Key),Antônio Carlos Jobim,E,139,1963,Jazz,
One Note Samba (Samba de uma nota so),Frank Sinatra & Antônio Carlos Jobim,G,139,1969,Jazz,
L.O.V.E.,Michael Bublé,G,142,2007,Jazz,
Águas de Março,Elis Regina,Bb,144,1974,Jazz,
Wave,Antônio Carlos Jobim,D,145,1967,Jazz,
Chega De Saudade (No More Blues),Antônio Carlos Jobim,D,145,1963,Jazz,
Desafinado (Off Key),João Gilberto,Eb,145,1958,Jazz,
Desafinado,Jazz Standards,Eb,146,1958,Jazz,
Hallelujah I Love Her So,Ray Charles,B,147,1956,Jazz,
Águas de Março,João Gilberto & Miúcha,B,152,1976,Jazz,
Autumn Leaves (Play-Along Backing Tracks),Jazz Standards,Gm,153,1945,Jazz,
L-O-V-E,Nat King Cole,G,155,1964,Jazz,
There Will Never Be Another You,Jazz Standards,Eb,162,1942,Jazz,
Só danço samba (I Only Dance Samba),Stan Getz,D,164,1963,Jazz,
Berimbau,Astrud Gilberto,Bbm,175,1965,Jazz,
Blue Bossa (Play-Along Backing Tracks),Jazz Standards,Cm,180,1963,Jazz,
No Ordinary Love,Sade,Bm,83.170,1992,Jazz,
The Sweetest Taboo,Sade,Bbm,91.500,1985,Jazz,
Caravan,Jazz Standards,Fm,134.500,1936,Jazz,
Take Five,The Dave Brubeck Quartet,Ebm,160.970,1959,Jazz,
When the Saints Go Marching in (Big Band Version),Traditional,C,188.140,1896,Jazz,
Quando,Michael Bublé & Nelly Furtado,A,116,2000,latin,
Água de Beber,Astrud Gilberto,Am,74,1965,Latin Music,
No me platiques más,Luis Miguel,Bb,79,1991,Latin Music,
Samba da Benção,Bebel Gilberto,Db,81,2004,Latin Music,
La puerta,Luis Miguel,Ab,82,1991,Latin Music,
Historia de un amor,Luis Miguel,Am,83,2005,Latin Music,
Usted,Luis Miguel,Bb,83,1991,Latin Music,
"Risk It All,Bruno Mars,D,86,2026,Latin Music,,""Soul,Pop"","
"O barquinho,João Gilberto & Antônio Carlos Jobim,G,86,1961,Latin Music,,""Soul,Pop"","
"O pato,João Gilberto,D,88,1962,Latin Music,,""Soul,Pop"","
"Despacito (remix),Luis Fonsi & Daddy Yankee & Justin Bieber,D,89,2017,Latin Music,,""Soul,Pop"","
La barca,Luis Miguel,Eb,89,1991,Latin Music,
Contigo Aprendí,Armando Manzanero,Bb,90,1967,Latin Music,
The Shadow of Your Smile,Engelbert Humperdinck,Gm,90,1968,Latin Music,
Bam Bam,Camila Cabello & Ed Sheeran,Ab,95,2022,Latin Music,
Bésame mucho,Andrea Bocelli,Cm,95,2006,Latin Music,
Take It Easy My Brother Charlie,Astrud Gilberto,Am,96,1972,Latin Music,
"Taki Taki,""DJ Snake & Selena Gomez, Ozuna & Cardi B"",C#m,96,2018,Latin Music,"
Manhã de Carnaval,Astrud Gilberto,Dm,96,1965,Latin Music,
Inolvidable,Luis Miguel,Cm,97,1991,Latin Music,
Goodbye Sadness (Tristeza),Astrud Gilberto,Bb,101,1967,Latin Music,
El cuarto de tula,Buena Vista Social Club,Am,105,1997,Latin Music,
Meditation,Frank Sinatra & Antônio Carlos Jobim,Bb,105,1967,Latin Music,
Mi gente (Remix),J Balvin feat. Beyoncé & Willy William,Em,105,2017,Latin Music,
Havana (No Rap Version),Camila Cabello,Gm,105,2017,Latin Music,
Havana,Camila Cabello & Young Thug,Gm,105,2017,Latin Music,
Brazil (Aquarela do Brasil),Antônio Carlos Jobim,Eb,111,1970,Latin Music,
Smooth,Santana & Rob Thomas,Am,116,1999,Latin Music,
So Nice (Summer Samba),Astrud Gilberto,Db,116,1967,Latin Music,
Dame Un Grrr,Fantomel & Kate Linn,Cm,118,2025,Latin Music,
Is This Love,Groove Da Praia,A,120,2005,Latin Music,
Bésame mucho (spanish vocal),1940s Standards,Cm,120,1941,Latin Music,
Bailamos (remix),Enrique Iglesias,Am,124,1999,Latin Music,
Ai Se Eu Te Pego (If I Get Ya) (Worldwide Remix),Michel Teló & Pitbull,B,124,2011,Latin Music,
Sway,Michael Bublé,Dm,126,2004,Latin Music,
Que calor,Major Lazer & J Balvin & El Alfa,Eb,126,2019,Latin Music,
Insensatez,Stan Getz & Luiz Bonfá,Am,128,1963,Latin Music,
Corcovado (Quiet Nights of Quiet Stars),Astrud Gilberto & Stan Getz & João Gilberto,C,129,1964,Latin Music,
Danza kuduro,Don Omar & Lucenzo,Am,130,2010,Latin Music,
Pepas,Farruko,Em,130,2021,Latin Music,
Something Serious,Bruno Mars,Am,132,2026,Latin Music,
Meditation,Astrud Gilberto,G,132,1965,Latin Music,
The Girl from Ipanema,Frank Sinatra,F,133,1967,Latin Music,
Desafinado (Off Key),Antônio Carlos Jobim,E,139,1963,Latin Music,
One Note Samba (Samba de uma nota so),Frank Sinatra & Antônio Carlos Jobim,G,139,1969,Latin Music,
Águas de Março,Elis Regina,Bb,144,1974,Latin Music,
Wave,Antônio Carlos Jobim,D,145,1967,Latin Music,
Chega De Saudade (No More Blues),Antônio Carlos Jobim,D,145,1963,Latin Music,
Desafinado (Off Key),João Gilberto,Eb,145,1958,Latin Music,
Águas de Março,João Gilberto & Miúcha,B,152,1976,Latin Music,
Só danço samba (I Only Dance Samba),Stan Getz,D,164,1963,Latin Music,
Solamente una vez,Luis Miguel,F,168,1994,Latin Music,
Berimbau,Astrud Gilberto,Bbm,175,1965,Latin Music,
El dia que me quieras,Luis Miguel,Ab,79.900,1994,Latin Music,
Sabor A Mi,Luis Miguel,Bb,89.950,1998,Latin Music,
Perfidia,Luis Miguel,Em,97.800,2001,Latin Music,
Smooth Operator,Sade,Dm,119.300,1984,Latin Music,
Bésame mucho (English),1940s Standards,Cm,119.900,1944,Latin Music,
Bésame mucho,Luis Miguel,Gm,122.930,2000,Latin Music,
I Have Nothing,The Bodyguard (Whitney Houston),G,51,1993,Love,
At Last,Etta James,F,58,1960,Love,
Dance With Me,Bruno Mars,B,61,2026,Love,
I Don't Want to Miss a Thing,Aerosmith,D,61,1998,Love,
Without You,Mariah Carey,F#,61,1994,Love,
Killing Me Softly with His Song,Roberta Flack,Fm,61,1973,Love,
All of Me,John Legend,Ab,63,2013,Love,
Your Song,Elton John,Eb,64,1970,Love,
Saving All My Love For You,Whitney Houston,A,66,1985,Love,
Someone Like You,Adele,A,67,2011,Love,
I Will Always Love You,The Bodyguard (Whitney Houston),A,67,1992,Love,
You're Still the One,Teddy Swims,Db,67,2020,Love,
Rocket Man (I Think It's Going to Be a Long,Elton John,Bb,68,1972,Love,
Fix You,Coldplay,Eb,69,2005,Love,
Like I'm Gonna Lose You,Meghan Trainor & John Legend,C,72,2015,Love,
When I Was Your Man,Bruno Mars,C,73,2013,Love,
"Would You Mind,""Earth, Wind & Fire"",E,74,1999,Love,"
Best Part,Daniel Caesar & H.E.R.,D,75,2017,Love,
Careless Whisper,George Michael (Wham!),Dm,76,1984,Love,
Love of My Life,Queen,F,76,1975,Love,
No me platiques más,Luis Miguel,Bb,79,1991,Love,
Stickwitu,The Pussycat Dolls,A,80,2005,Love,
November Rain,Guns N' Roses,B,80,1992,Love,
I Want to Know What Love Is,Mariah Carey,Gb,80,2009,Love,
La puerta,Luis Miguel,Ab,82,1991,Love,
You're Beautiful,James Blunt,Eb,82,2005,Love,
You Make Me Feel Brand New,Simply Red,Eb,82,2003,Love,
Historia de un amor,Luis Miguel,Am,83,2005,Love,
Usted,Luis Miguel,Bb,83,1991,Love,
Risk It All,Bruno Mars,D,86,2026,Love,
Versace on the Floor,Bruno Mars,D,87,2016,Love,
(They Long to Be) Close to You,The Carpenters,G,88,1970,Love,
Contigo Aprendí,Armando Manzanero,Bb,90,1967,Love,
Killing Me Softly,Colbie Caillat,Em,90,2010,Love,
The Shadow of Your Smile,Engelbert Humperdinck,Gm,90,1968,Love,
More Than Words,Extreme,Gb,92,1990,Love,
Human Nature,Michael Jackson,D,93,1983,Love,
What's Love Got to Do with It,Tina Turner,G#m,98,1984,Love,
I Wanna Love You,Akon & Snoop Dogg,Am,100,2006,Love,
Meditation,Frank Sinatra & Antônio Carlos Jobim,Bb,105,1967,Love,
Un-Break My Heart,Toni Braxton,Bm,110,1996,Love,
Killing Me Softly,Luther Vandross,F,110,1994,Love,
Stay,Rihanna & Mikky Ekko,Am,112,2012,Love,
Can't Help Falling in Love (Mark Ronson remix),Elvis (film),D,112,2022,Love,
Quando,Michael Bublé & Nelly Furtado,A,116,2000,love,
You Are the Sunshine of My Life,Stevie Wonder,B,134,1972,Love,
Just the Way You Are,Billy Joel,D,139,1977,Love,
Solamente una vez,Luis Miguel,F,168,1994,Love,
Perfect,Ed Sheeran,Ab,63.333,2017,Love,
Back at One,Mark Wills,B,64.925,1999,Love,
Far Away,Nickelback,B,66.500,2005,Love,
Sabor A Mi,Luis Miguel,Bb,89.950,1998,Love,
Sexual Healing,Marvin Gaye,Eb,94.400,1982,Love,
If You Don't Know Me By Now,Simply Red,Bb,94.900,1989,Love,
Perfidia,Luis Miguel,Em,97.800,2001,Love,
Yesterday,The Beatles,F,97.890,1965,Love,
She Will Be Loved,Maroon 5,Cm,102.020,2004,Love,
Bésame mucho (English),1940s Standards,Cm,119.900,1944,Love,
Bésame mucho,Luis Miguel,Gm,122.930,2000,Love,
Part-Time Lover,Stevie Wonder,Bbm,177.820,1985,Love,
Killing in the Name,Rage Against the Machine,Dm,88,1992,Metal,
Stuck With U,Ariana Grande & Justin Bieber,Ab,59,2020,Pop,
Dance With Me,Bruno Mars,B,61,2026,Pop,
Without You,Mariah Carey,F#,61,1994,Pop,
Easy,Faith No More,Ab,62,1992,Pop,
All of Me,John Legend,Ab,63,2013,Pop,
Golden Hour,JVKE,E,63,2022,Pop,
Your Song,Elton John,Eb,64,1970,Pop,
Bubbly,Colbie Caillat,A,65,2007,Pop,
Greatest Love of All,Whitney Houston,A,65,1986,Pop,
Always Remember Us This Way,A Star is Born (2018 film) (Lady Gaga),Am,65,2018,Pop,
"After the Love Has Gone,""Earth, Wind & Fire"",F,65,1979,Pop,"
Escape (The Piña Colada Song),Jack Johnson (The Secret Life of Walter Mitty),A,67,2013,Pop,
Someone Like You,Adele,A,67,2011,Pop,
What's Up?,4 Non Blondes,A,67,1993,Pop,
Something,The Beatles,C,67,1969,Pop,
Die for You (remix),The Weeknd & Ariana Grande,C#m,67,2023,Pop,
Die for You,The Weeknd,C#m,67,2017,Pop,
You're Still the One,Teddy Swims,Db,67,2020,Pop,
Rocket Man (I Think It's Going to Be a Long,Elton John,Bb,68,1972,Pop,
Ribbon in the Sky,Stevie Wonder,Eb,68,1982,Pop,
Let It Be,The Beatles,C,70,1970,Pop,
Paradise,Coldplay,Dm,70,2011,Pop,
Bad Day,Daniel Powter,Eb,70,2005,Pop,
Easy on Me,Adele,F,71,2021,Pop,
I Smile,Kirk Franklin,Db,72,2011,Pop,
Positions,Ariana Grande,Dm,72,2020,Pop,
When I Was Your Man,Bruno Mars,C,73,2013,Pop,
Yummy,Justin Bieber,Dm,73,2020,Pop,
Talking to the Moon,Bruno Mars,E,73,2010,Pop,
Photograph,Nickelback,Eb,73,2005,Pop,
The Scientist,Coldplay,F,73,2002,Pop,
Leave the Door Open,Silk Sonic (Bruno Mars & Anderson .Paak),Am,74,2021,Pop,
Hey Jude,The Beatles,F,74,1968,Pop,
Human,Rag'n'Bone Man,Bbm,75,2016,Pop,
Savage Love (Laxed – Siren Beat),Jason Derulo & Jawsh 685,Eb,75,2020,Pop,
Lately,Stevie Wonder,Db,76,1980,Pop,
Careless Whisper,George Michael (Wham!),Dm,76,1984,Pop,
Mirrors,Justin Timberlake,Cm,77,2013,Pop,
Ghost,Justin Bieber,D,77,2021,Pop,
Complicated,Avril Lavigne,F,78,2002,Pop,
No me platiques más,Luis Miguel,Bb,79,1991,Pop,
One Moment In Time,Whitney Houston,C,79,1988,Pop,
Thinking Out Loud,Ed Sheeran,D,79,2014,Pop,
Hello,Adele,Fm,79,2015,Pop,
Halo,Beyoncé,A,80,2009,Pop,
Thank You,Dido,B,80,1998,Pop,
See You Again,Wiz Khalifa & Charlie Puth,Bb,80,2015,Pop,
It Ain't Over 'til It's Over,Lenny Kravitz,Db,80,1991,Pop,
I Want to Know What Love Is,Mariah Carey,Gb,80,2009,Pop,
Come & Get It,Selena Gomez,Gm,80,2013,Pop,
Shape of You,Jamie Cullum,Cm,81,2017,Pop,
Smokin Out the Window,Silk Sonic,D,82,2021,Pop,
Take a Bow,Rihanna,E,82,2008,Pop,
You Make Me Feel Brand New,Simply Red,Eb,82,2003,Pop,
I'm Not the Only One,Sam Smith,F,82,2014,Pop,
Too Little Too Late,JoJo,A,83,2006,Pop,
Historia de un amor,Luis Miguel,Am,83,2005,Pop,
The Reason,Hoobastank,E,83,2004,Pop,
Overjoyed,Stevie Wonder,Eb,83,1986,Pop,
Stay with Me,Sam Smith,C,85,2014,Pop,
Royals,Lorde,D,85,2013,Pop,
Bad Habit,Steve Lacy,Db,85,2022,Pop,
White Flag,Dido,Dm,85,2003,Pop,
Cruisin',Smokey Robinson,E,85,1979,Pop,
California King Bed,Rihanna,G,85,2010,Pop,
Ironic,Alanis Morissette,B,86,1995,Pop,
Miss Independent,Ne-Yo,Db,86,2008,Pop,
Billionaire,Travie McCoy & Bruno Mars,A,87,2010,Pop,
Now and Then,The Beatles,Am,87,2023,Pop,
Chandelier,Sia,Bbm,87,2014,Pop,
Umbrella,Rihanna & Jay-Z,Bbm,87,2007,Pop,
Versace on the Floor,Bruno Mars,D,87,2016,Pop,
Rude Boy,Rihanna,Ebm,87,2009,Pop,
As It Was,Prep,F#m,87,2022,Pop,
Unstoppable,Sia,F#m,87,2016,Pop,
Irreplaceable,Beyoncé,Bb,88,2006,Pop,
Sunday Morning,Maroon 5,C,88,2004,Pop,
(They Long to Be) Close to You,The Carpenters,G,88,1970,Pop,
Despacito (remix),Luis Fonsi & Daddy Yankee & Justin Bieber,D,89,2017,Pop,
La barca,Luis Miguel,Eb,89,1991,Pop,
One,U2,Am,90,1992,Pop,
Roar,Katy Perry,Bb,90,2013,Pop,
Peaches,Justin Bieber & Daniel Caesar & Giveon,C,90,2021,Pop,
If I Were a Boy,Beyoncé,F#,90,2008,Pop,
Cheap Thrills,Sia,F#m,90,2016,Pop,
The Shadow of Your Smile,Engelbert Humperdinck,Gm,90,1968,Pop,
Memories,Maroon 5,B,91,2019,Pop,
Diamonds,Rihanna,Bm,92,2012,Pop,
Too Good at Goodbyes,Sam Smith,Dm,92,2017,Pop,
We Are Young,Fun & Janelle Monáe,F,92,2011,Pop,
One,Mary J. Blige & U2,A,93,2005,Pop,
Starboy,The Weeknd & Daft Punk,Am,93,2016,Pop,
Human Nature,Michael Jackson,D,93,1983,Pop,
I Feel It Coming,The Weeknd & Daft Punk,Eb,93,2016,Pop,
Love Nwantiti (Ah Ah Ah),CKay & Joeboy & Kuami Eugene,Fm,93,2019,Pop,
Lovely Day,Billy Ocean & YolanDa Brown & Ruti,A,94,2021,Pop,
Love On Top,Beyoncé,C,94,2011,Pop,
Help!,The Beatles,A,95,1965,Pop,
Bam Bam,Camila Cabello & Ed Sheeran,Ab,95,2022,Pop,
Love Me Like You Do,Ellie Goulding,Ab,95,2014,Pop,
Friends,Anne-Marie & Marshmello,Am,95,2018,Pop,
A Thousand Miles,Vanessa Carlton,B,95,2002,Pop,
Strawberry Fields Forever,The Beatles,Bb,95,1967,Pop,
Oops!... I Did It Again,Britney Spears,C#m,95,2000,Pop,
Young,Wiz Khalifa & Snoop Dogg,D,95,2011,pop,
This Love,Maroon 5,Eb,95,2002,Pop,
Smile,Lily Allen,F,95,2006,Pop,
Closer,The Chainsmokers & Halsey,Fm,95,2016,Pop,
Put Your Records On,Corinne Bailey Rae,A,96,2006,Pop,
"Taki Taki,""DJ Snake & Selena Gomez, Ozuna & Cardi B"",C#m,96,2018,Pop,"
Shape of You,Ed Sheeran,C#m,96,2017,Pop,
Shape of You (Stormzy Remix),Ed Sheeran,C#m,96,2017,Pop,
Watermelon Sugar,Harry Styles,Dm,96,2019,Pop,
Valerie (Live BBC Radio 1 in Lounge),Amy Winehouse,Eb,96,2007,Pop,
Blank Space (Taylor's Version),Taylor Swift,F,96,2023,Pop,
Just the Two of Us,Grover Washington Jr. & Bill Withers,Fm,96,1981,Pop,
Shallow,A Star is Born (2018 film) (Lady Gaga & Bradley Cooper),G,96,2018,Pop,
Yukon,Justin Bieber,Gm,96,2025,Pop,
Say Something,Justin Timberlake & Chris Stapleton,Cm,97,2018,Pop,
Inolvidable,Luis Miguel,Cm,97,1991,Pop,
Hey Soul Sister (Country Mix),Train,E,97,2010,Pop,
Single Ladies (Put a Ring on It),Beyoncé,E,97,2008,Pop,
Change the World,Eric Clapton,E,97,1996,Pop,
South of the Border,Ed Sheeran & Camila Cabello & Cardi B,Dm,98,2019,Pop,
Lovely Day,Bill Withers,E,98,1977,Pop,
Dance Monkey,Tones and I,F#m,98,2019,Pop,
What's Love Got to Do with It,Tina Turner,G#m,98,1984,Pop,
Lean On,Major Lazer & MØ & DJ Snake,Gm,98,2015,Pop,
Adore You,Harry Styles,Cm,99,2019,Pop,
Pon de Replay,Rihanna,F#m,99,2005,Pop,
We Don't Talk Anymore,Charlie Puth & Selena Gomez,C#m,100,2016,Pop,
Let Me Love You,DJ Snake & Justin Bieber,Cm,100,2016,Pop,
Sorry,Justin Bieber,Cm,100,2015,Pop,
Worth It,Fifth Harmony & Kid Ink,Cm,100,2015,Pop,
Versace on the Floor (vs David Guetta),Bruno Mars,D,100,2017,Pop,
Happier,Marshmello & Bastille,Dm,100,2018,Pop,
Love Yourself,Justin Bieber,E,100,2015,Pop,
Attention,Charlie Puth,Ebm,100,2017,Pop,
Galway Girl,Ed Sheeran,F#m,100,2017,Pop,
Dancing Queen,ABBA,A,101,1976,Pop,
My Cherie Amour,Stevie Wonder,Db,101,1969,Pop,
"Feels,""Calvin Harris & Katy Perry, Pharrell Williams & Big Sean"",Em,101,2017,Pop,"
"Talk Dirty,Jason Derulo & 2 Chainz,F#,101,2013,Pop,,""Jazz,Latin Music"","
"No Lie,Dua Lipa & Sean Paul,Am,102,2016,Pop,,""Jazz,Latin Music"","
"High,Lighthouse Family,Bb,102,1998,Pop,,""Jazz,Latin Music"","
Kung Fu Fighting,Carl Douglas,D,102,1974,Pop,
Stay,Zedd & Alessia Cara,Fm,102,2017,Pop,
In My Life,The Beatles,A,103,1965,Pop,
La flaca,Santana & Juanes,Am,103,2014,Pop,
La flaca,Jarabe de Palo,Am,103,1996,Pop,
Levitating,Dua Lipa,Bm,103,2020,Pop,
Upside Down,Jack Johnson,E,103,2006,Pop,
I Just Might,Bruno Mars,F,103,2026,Pop,
Espresso,Sabrina Carpenter,Am,104,2024,Pop,
The Best,Tina Turner,F,104,1989,Pop,
All Star,Smash Mouth,F#,104,1999,Pop,
What's Love Got to Do with It,Kygo,B,105,2020,Pop,
Rolling in the Deep,Adele,Cm,105,2010,Pop,
BIRDS OF A FEATHER,Billie Eilish,D,105,2024,Pop,
Mi gente,J Balvin & Willy William,Em,105,2017,Pop,
Mi gente (Remix),J Balvin feat. Beyoncé & Willy William,Em,105,2017,Pop,
You Oughta Know,Alanis Morissette,F#m,105,1995,Pop,
Work From Home,Fifth Harmony & Ty Dolla Sign,Fm,105,2016,Pop,
All You Need Is Love,The Beatles,G,105,1967,Pop,
Havana (No Rap Version),Camila Cabello,Gm,105,2017,Pop,
Havana,Camila Cabello & Young Thug,Gm,105,2017,Pop,
Valerie,Amy Winehouse & Mark Ronson,Eb,106,2007,Pop,
Please Please Please,Sabrina Carpenter,A,107,2024,Pop,
Calm Down (remix),Rema & Selena Gomez,B,107,2022,Pop,
Calm Down,Rema,B,107,2022,Pop,
Thank U,Ariana Grande,Bbm,107,2018,pop,
Down Under,Men at Work,D,107,1981,Pop,
Please Please Please (funky - Sabrina Carpenter),DisCovers,F#m,107,2024,Pop,
24K Magic,Bruno Mars,Fm,107,2016,Pop,
Woman,Doja Cat,Cm,108,2021,Pop,
Set Fire to the Rain,Adele,Dm,108,2011,Pop,
Photograph,Ed Sheeran,E,108,2014,Pop,
With or Without You,U2,D,109,1987,Pop,
I Want to Break Free,Queen,E,109,1984,Pop,
About Damn Time,Lizzo,Ebm,109,2022,Pop,
About Damn Time (clean version),Lizzo,Ebm,109,2022,Pop,
Just the Way You Are,Bruno Mars,F,109,2010,Pop,
DAISIES,Justin Bieber,Ab,110,2025,Pop,
Dance the Night,Barbie (2023 film) (Dua Lipa),Bm,110,2023,Pop,
Un-Break My Heart,Toni Braxton,Bm,110,1996,Pop,
Hollaback Girl,Gwen Stefani,D#m,110,2005,Pop,
Better Together,Jack Johnson,F,110,2005,Pop,
Killing Me Softly,Luther Vandross,F,110,1994,Pop,
Kiss,Prince,A,111,1986,Pop,
Kiss Me More,Doja Cat & SZA,Ab,111,2021,Pop,
Say So,Doja Cat,D,111,2019,Pop,
Grenade,Bruno Mars,Dm,111,2010,Pop,
Don't You (Forget About Me),Simple Minds,E,111,1985,Pop,
Yellow Submarine,The Beatles,F#,111,1966,Pop,
Crazy,Gnarls Barkley,Cm,112,2006,Pop,
Can't Help Falling in Love (Mark Ronson remix),Elvis (film),D,112,2022,Pop,
Eye in the Sky,The Alan Parsons Project,D,112,1982,Pop,
Skate,Silk Sonic,Dm,112,2021,Pop,
Feet Don't Fail Me Now,Joy Crookes,Bbm,113,2021,Pop,
Can't Stop the Feeling,Trolls (Justin Timberlake),C,113,2016,Pop,
I Just Called to Say I Love You (single version),Stevie Wonder,Db,113,1984,Pop,
Taste,Sabrina Carpenter,Eb,113,2024,Pop,
Break My Heart,Dua Lipa,Em,113,2020,Pop,
Promiscuous,Nelly Furtado & Timbaland,Bbm,114,2006,Pop,
And I Love Her,The Beatles,C#m,114,1964,Pop,
Under Pressure,Queen & David Bowie,D,114,1981,Pop,
Last Kiss,Pearl Jam,G,114,1999,Pop,
Paparazzi,Lady Gaga,Ab,115,2008,Pop,
Uptown Funk,Bruno Mars & Mark Ronson,Dm,115,2014,Pop,
Crazy in Love (2014 remix),Beyoncé,Dm,115,2014,Pop,
Cuff It,Beyoncé,Em,115,2022,Pop,
Break My Soul,Beyoncé,G#m,115,2022,Pop,
New Rules,Dua Lipa,Am,116,2017,Pop,
Cold Heart (PNAU remix),Dua Lipa & Elton John,Bbm,116,2021,Pop,
Treasure,Bruno Mars,Cm,116,2012,Pop,
Murder on the Dancefloor (PNAU remix),Sophie Ellis Bextor,E,116,2024,Pop,
We Can't Be Friends (Wait for Your Love),Ariana Grande,F,116,2024,Pop,
Señorita,Shawn Mendes & Camila Cabello,Am,117,2019,Pop,
Love You Like a Love Song,Selena Gomez,C#m,117,2011,Pop,
Water,Tyla,Gb,117,2023,Pop,
Flowers,Miley Cyrus,Am,118,2023,Pop,
Save Your Tears (remix),The Weeknd & Ariana Grande,C,118,2021,Pop,
Save Your Tears,The Weeknd,C,118,2020,Pop,
Safe And Sound,Capital Cities,C,118,2011,Pop,
Dame Un Grrr,Fantomel & Kate Linn,Cm,118,2025,Pop,
Cheerleader (Felix Jaehn Remix),OMI,E,118,2014,Pop,
Next to Me,Rüfüs Du Sol,Em,118,2021,Pop,
Bad Romance,Lady Gaga,Am,119,2009,Pop,
Don't Stop 'Til You Get Enough,Michael Jackson,B,119,1979,Pop,
Man I Need,Olivia Dean,Db,119,2025,Pop,
About Damn Time (Purple Disco Machine remix),Lizzo,Ebm,119,2022,Pop,
Cake By The Ocean (clean),DNCE,Em,119,2015,Pop,
Cake by the Ocean,DNCE,Em,119,2015,Pop,
Poker Face,Lady Gaga,G#m,119,2008,Pop,
I Wanna Dance with Somebody (Who Loves Me),Whitney Houston,Gb,119,1987,Pop,
Teenage Dream,Katy Perry,Bb,120,2009,Pop,
The Sweet Escape,Gwen Stefani & Akon,Bbm,120,2006,Pop,
Circles,Post Malone,C,120,2019,Pop,
Just Dance,Lady Gaga & Colby O'Donis,C#m,120,2008,Pop,
It's My Life,Bon Jovi,Cm,120,2000,Pop,
The Game of Love,Santana & Michelle Branch,D,120,2002,Pop,
Sugar,Maroon 5,Db,120,2014,Pop,
Call Me Maybe,Carly Rae Jepsen,G,120,2011,Pop,
Dare,Gorillaz,Gm,120,2005,Pop,
Hot Stuff,Donna Summer,Gm,120,1979,Pop,
What a Fool Believes,The Doobie Brothers,Bbm,121,1978,Pop,
Proud Mary,Creedence Clearwater Revival,D,121,1969,Pop,
Black or White,Michael Jackson,E,121,1991,Pop,
Hear Me Now,Alok & Bruno Martini & Zeeba,B,122,2016,Pop,
There's Nothing Holdin' Me Back,Shawn Mendes,Bm,122,2016,Pop,
This Girl,Kungs,Eb,122,2016,Pop,
Wherever You Go,Alok & John Martin,F,122,2021,Pop,
Bleeding Love (remix),Leona Lewis,F,122,2008,Pop,
Telephone,Lady Gaga & Beyoncé,Fm,122,2009,Pop,
Rain on Me,Lady Gaga & Ariana Grande,C#m,123,2020,Pop,
Everything,Michael Bublé,D,123,2007,Pop,
Kids,MGMT,F#m,123,2008,Pop,
"Manchild,Sabrina Carpenter,G,123,2025,Pop,,""Soul,Pop"","
"Firework,Katy Perry,Ab,124,2010,Pop,,""Soul,Pop"","
This Is What You Came For,Calvin Harris & Rihanna,Am,124,2016,Pop,
Bailamos (remix),Enrique Iglesias,Am,124,1999,Pop,
Don't Start Now,Dua Lipa,Bm,124,2019,Pop,
Don't Start Now (Purple Disco Machine remix),Dua Lipa,Bm,124,2019,Pop,
Don't Start Now (live in LA Remix),Dua Lipa,Bm,124,2020,Pop,
Lose Control,Meduza & Becky Hill & Goodboys,Cm,124,2019,Pop,
Someone You Loved (Future Humans Remix),Lewis Capaldi,Db,124,2019,Pop,
Dreams (tropical remix),DisCovers (Fleetwood Mac),F,124,2024,Pop,
Sweater Weather,The Neighbourhood,Gm,124,2013,Pop,
Man! I Feel Like a Woman!,Shania Twain,Bb,125,1996,Pop,
Wolves,Selena Gomez & Marshmello,Bm,125,2017,Pop,
Bad Dreams,Teddy Swims,Cm,125,2024,Pop,
A Sky Full of Stars,Coldplay,Ebm,125,2014,Pop,
California Gurls,Katy Perry & Snoop Dogg,F,125,2010,Pop,
I Love It,Icona Pop & Charli XCX,Ab,126,2012,Pop,
Bad Habits,Ed Sheeran,Bm,126,2021,Pop,
Only Girl (In the World),Rihanna,D,126,2010,Pop,
Everything (i-Soul Remix),Michael Bublé,D,126,2008,Pop,
It's My Life,No Doubt,E,126,2003,Pop,
Que calor,Major Lazer & J Balvin & El Alfa,Eb,126,2019,Pop,
Titanium,David Guetta & Sia,Eb,126,2011,Pop,
Closer,Ne-Yo,Em,126,2008,Pop,
Last Friday Night (T.G.I.F.),Katy Perry,F#,126,2010,Pop,
Waka Waka (Remix),Shakira,D,127,2010,Pop,
Calma (Remix),Pedro Capó & Farruko,D,127,2018,Pop,
I Know You Want Me (Calle Ocho),Pitbull,Dm,127,2009,Pop,
Y.M.C.A.,Village People,F#,127,1978,Pop,
Moves Like Jagger,Maroon 5 & Christina Aguilera,Bm,128,2011,Pop,
Who Can It Be Now,Men at Work,C#m,128,1982,Pop,
Where Have You Been,Rihanna,Cm,128,2011,Pop,
Destination Calabria,Alex Gaudino,Dm,128,2007,Pop,
We Found Love,Rihanna & Calvin Harris,Ebm,128,2011,Pop,
S&M,Rihanna,Ebm,128,2010,Pop,
All of Me (Tiësto Remix),John Legend,Fm,128,2014,Pop,
Summer,Calvin Harris,G,128,2014,Pop,
Feel So Close,Calvin Harris,G,128,2011,Pop,
I Gotta Feeling,Black Eyed Peas,G,128,2009,Pop,
The Door,Teddy Swims,G#m,128,2023,Pop,
Ain't No Mountain High Enough,Marvin Gaye & Tammi Terrell,D,129,1967,Pop,
Dreams,The Cranberries,E,129,1992,Pop,
I Kissed a Girl,Katy Perry,A,130,2008,Pop,
Here Comes the Sun,The Beatles,A,130,1969,Pop,
Danza kuduro,Don Omar & Lucenzo,Am,130,2010,Pop,
Boom Boom Pow,Black Eyed Peas,Am,130,2009,Pop,
Lucky,Jason Mraz & Colbie Caillat,Am,130,2009,Pop,
Mad,Ne-Yo,C,130,2008,Pop,
Pepas,Farruko,Em,130,2021,Pop,
Timber,Pitbull & Kesha,G#m,130,2013,Pop,
Scream & Shout,will.i.am & Britney Spears,Gm,130,2012,Pop,
Don't Go Breaking My Heart,Elton John & Kiki Dee,F,131,1976,Pop,
I Want to Hold Your Hand,The Beatles,G,131,1964,Pop,
Hot n Cold,Katy Perry,G,132,2008,Pop,
Shut Up And Drive,Rihanna,Db,133,2007,Pop,
All About That Bass,Meghan Trainor,A,134,2014,Pop,
Die for You,Justin Bieber & Dominic Fike,Bbm,135,2021,Pop,
Mamma Mia,ABBA,D,137,1975,Pop,
Viva La Vida,Coldplay,Ab,138,2008,Pop,
Right Now (Na Na Na),Akon,B,138,2008,Pop,
Accidentally in Love,Shrek 2 (film) (Counting Crows),G,138,2004,Pop,
Just the Way You Are,Billy Joel,D,139,1977,Pop,
Overkill,Men at Work,E,139,1983,Pop,
Shivers,Ed Sheeran,Bm,141,2021,Pop,
7 Rings,Ariana Grande,C#m,141,2019,Pop,
93 Million Miles,Jason Mraz,Eb,141,2012,Pop,
Locked Out of Heaven,Bruno Mars,Dm,144,2012,Pop,
Marry You,Bruno Mars,F,145,2010,Pop,
All the Small Things,Blink-182,C,148,1999,Pop,
APT.,Rosé (로제) & Bruno Mars,Eb,149,2024,Pop,
Bang Bang,Ariana Grande,C,150,2014,Pop,
Sk8er Boi,Avril Lavigne,D,150,2002,Pop,
Ride,Twenty One Pilots,F#,150,2015,Pop,
E.T.,Katy Perry,Fm,150,2010,Pop,
Iris,Goo Goo Dolls (City of Angels),D,155,1998,Pop,
All My Loving,The Beatles,E,156,1963,Pop,
Happy,Pharrell Williams,Fm,160,2013,Pop,
High Hopes,Panic! At the Disco,F,164,2018,Pop,
Solamente una vez,Luis Miguel,F,168,1994,Pop,
Stay,The Kid Laroi & Justin Bieber,Bbm,170,2021,Pop,
Blinding Lights,The Weeknd,Fm,171,2019,Pop,
Can't Buy Me Love,The Beatles,C,172,1964,Pop,
As It Was,Harry Styles,A,174,2022,Pop,
Footloose,Footloose (1984 film),A,174,1984,Pop,
Dancing with Myself,Billy Idol (Generation X),E,176,1981,Pop,
Count On Me,Bruno Mars,C,178,2010,Pop,
Die with a Smile,Lady Gaga & Bruno Mars,A,52.667,2024,Pop,
Love on the Brain,Rihanna,G,57.330,2016,Pop,
Pursuit of Happiness,Kid Cudi & MGMT & Ratatat,C,57.650,2009,Pop,
Perfect,Ed Sheeran,Ab,63.333,2017,Pop,
You're Still The One,Shania Twain,Eb,67.010,1997,Pop,
Thinking of You,Katy Perry,E,73.500,2009,Pop,
I'm Yours,Jason Mraz,B,75.500,2008,Pop,
El dia que me quieras,Luis Miguel,Ab,79.900,1994,Pop,
Angel,Shaggy & Rayvon,F#,85.260,2001,Pop,
Holding Back the Years,Simply Red,Am,86.120,1985,Pop,
Empire State of Mind,Jay-Z & Alicia Keys,F#,86.650,2009,Pop,
The Lazy Song,Bruno Mars,B,87.500,2010,Pop,
19-2000,Gorillaz,G,89.750,2001,Pop,
Ocean Drive,Lighthouse Family,D,90.650,1995,Pop,
Virtual Insanity,Jamiroquai,Ebm,91.990,1996,Pop,
Let Me Love You,Mario,Gm,94.500,2004,Pop,
Torn,Natalie Imbruglia,F,96.290,1997,Pop,
Perfidia,Luis Miguel,Em,97.800,2001,Pop,
Yesterday,The Beatles,F,97.890,1965,Pop,
Crazy in Love,Beyoncé & Jay-Z,D,99.270,2003,Pop,
Crazy in Love (no rap version),Beyoncé,D,99.270,2003,Pop,
La Isla Bonita,Madonna,C#m,100.017,1986,Pop,
Mind Trick,Jamie Cullum,Db,100.470,2005,Pop,
She Will Be Loved,Maroon 5,Cm,102.020,2004,Pop,
Something Just Like This,The Chainsmokers & Coldplay,Bm,103.007,2017,Pop,
Stars,Simply Red,G,103.710,1991,Pop,
Would I Lie to You?,Charles & Eddie,G,103.978,1992,Pop,
How Deep Is Your Love,Bee Gees,Eb,103.980,1977,Pop,
Payphone,Maroon 5 & Wiz Khalifa,B,110.034,2012,Pop,
Payphone (no rap),Maroon 5,B,110.034,2012,Pop,
Big Girls Don't Cry,Fergie,G,113.090,2006,Pop,
Fresh,Kool and the Gang,Bm,116.850,1984,Pop,
Murder on the Dancefloor,Sophie Ellis Bextor,E,117.290,2001,Pop,
Smooth Operator,Sade,Dm,119.300,1984,Pop,
Gypsy Woman (She's Homeless - radio mix),Crystal Waters,Dm,119.875,1991,Pop,
Girls Just Want to Have Fun,Cyndi Lauper,F#,120.410,1983,Pop,
Bad Girls,Donna Summer,Dm,120.450,1979,Pop,
Rather Be,Clean Bandit & Jess Glynne,G#m,121.020,2014,Pop,
I Follow Rivers,Lykke Li,Dm,121.970,2011,Pop,
Don't Stop the Music,Rihanna,F#m,122.700,2007,Pop,
Can't Get You Out Of My Head,Kylie Minogue,Dm,125.980,2001,Pop,
Clocks,Coldplay,Eb,131.210,2002,Pop,
I Won't Give Up,Jason Mraz,E,135.900,2012,Pop,
Beautiful Day,U2,D,136.260,1996,Pop,
It's Raining Men,Geri Halliwell,Fm,136.450,2001,Pop,
Shake It Off (Taylor's Version),Taylor Swift,G,159.995,2023,Pop,
Maneater,Hall & Oates,Bm,177.634,1982,Pop,
All the Small Things,Blink-182,C,148,1999,Punk/Grunge,
Tadow,Masego & FKJ,Am,61,2019,R&B,
Fallin',Alicia Keys,Em,64,2001,R&B,
That's What I Like,Bruno Mars,Bbm,67,2016,R&B,
We Belong Together,Mariah Carey,C,70,2005,R&B,
Same Girl,R. Kelly & Usher,Ebm,70,2007,R&B,
Like I'm Gonna Lose You,Meghan Trainor & John Legend,C,72,2015,R&B,
Yummy,Justin Bieber,Dm,73,2020,R&B,
Leave the Door Open,Silk Sonic (Bruno Mars & Anderson .Paak),Am,74,2021,R&B,
Get You,Daniel Caesar & Kali Uchis,Bm,74,2016,R&B,
Best Part,Daniel Caesar & H.E.R.,D,75,2017,R&B,
What Goes Around... Comes Around,Justin Timberlake,Am,76,2006,R&B,
Mirrors,Justin Timberlake,Cm,77,2013,R&B,
Boombastic,Shaggy,Dm,79,1995,R&B,
Halo,Beyoncé,A,80,2009,R&B,
Stickwitu,The Pussycat Dolls,A,80,2005,R&B,
Redbone,Childish Gambino,Ebm,80,2016,R&B,
Them Changes,Thundercat,Ebm,81,2015,R&B,
Wiggle,Jason Derulo & Snoop Dogg,Am,82,2014,R&B,
Take a Bow,Rihanna,E,82,2008,R&B,
Too Little Too Late,JoJo,A,83,2006,R&B,
Brown Sugar,D'Angelo,Bm,83,1995,R&B,
Me & Mrs. Jones (Midnight Affair remix),Solar System,D,83,1996,R&B,
Lady,D'Angelo,Ebm,85,1996,R&B,
Miss Independent,Ne-Yo,Db,86,2008,R&B,
Umbrella,Rihanna & Jay-Z,Bbm,87,2007,R&B,
My Boo,Usher & Alicia Keys,Dm,87,2004,R&B,
Rude Boy,Rihanna,Ebm,87,2009,R&B,
Irreplaceable,Beyoncé,Bb,88,2006,R&B,
Stereo Hearts,Gym Class Heroes & Adam Levine,A,90,2011,R&B,
Peaches,Justin Bieber & Daniel Caesar & Giveon,C,90,2021,R&B,
No One,Alicia Keys,E,90,2007,R&B,
If I Were a Boy,Beyoncé,F#,90,2008,R&B,
Killing Me Softly,The Fugees & Lauryn Hill,Em,92,1996,R&B,
Girl on Fire (main version),Alicia Keys,A,93,2012,R&B,
Starboy,The Weeknd & Daft Punk,Am,93,2016,R&B,
Sexy Love,Ne-Yo,Ab,94,2006,R&B,
Love On Top,Beyoncé,C,94,2011,R&B,
Where Is The Love,Black Eyed Peas,F,94,2003,R&B,
So Sick,Ne-Yo,Ebm,95,2005,R&B,
Put Your Records On,Corinne Bailey Rae,A,96,2006,R&B,
"Taki Taki,""DJ Snake & Selena Gomez, Ozuna & Cardi B"",C#m,96,2018,R&B,"
Love Theory,Kirk Franklin,Bbm,97,2019,R&B,
Single Ladies (Put a Ring on It),Beyoncé,E,97,2008,R&B,
Pon de Replay,Rihanna,F#m,99,2005,R&B,
I Wanna Love You,Akon & Snoop Dogg,Am,100,2006,R&B,
Worth It,Fifth Harmony & Kid Ink,Cm,100,2015,R&B,
What's My Name,Rihanna & Drake,F#m,100,2010,R&B,
Suit & Tie,Justin Timberlake & Jay-Z,D,102,2013,R&B,
Nothin' on You,B.o.B & Bruno Mars,Bb,104,2010,R&B,
Yeah!,Usher & Lil' Jon & Ludacris,Gm,105,2004,R&B,
24K Magic,Bruno Mars,Fm,107,2016,R&B,
Woman,Doja Cat,Cm,108,2021,R&B,
Un-Break My Heart,Toni Braxton,Bm,110,1996,R&B,
Never Too Much,Luther Vandross,Bm,110,1981,R&B,
Because of You,Ne-Yo,Cm,110,2007,R&B,
Hollaback Girl,Gwen Stefani,D#m,110,2005,R&B,
Kiss Me More,Doja Cat & SZA,Ab,111,2021,R&B,
Say So,Doja Cat,D,111,2019,R&B,
Grenade,Bruno Mars,Dm,111,2010,R&B,
Stay,Rihanna & Mikky Ekko,Am,112,2012,R&B,
Crazy,Gnarls Barkley,Cm,112,2006,R&B,
Promiscuous,Nelly Furtado & Timbaland,Bbm,114,2006,R&B,
Crazy in Love (2014 remix),Beyoncé,Dm,115,2014,R&B,
Say It Right,Nelly Furtado,Fm,116,2006,R&B,
Sexyback,Justin Timberlake & Timbaland,Dm,117,2006,R&B,
Water,Tyla,Gb,117,2023,R&B,
Cuff It (Wetter remix),Beyoncé,Em,118,2023,R&B,
American Boy,Estelle & Kanye West,Em,118,2008,R&B,
Smack That,Akon & Eminem,Fm,119,2006,R&B,
Don't Cha (radio edit),The Pussycat Dolls,Bbm,120,2005,R&B,
Dynamite,Taio Cruz,C#m,120,2010,R&B,
Telephone,Lady Gaga & Beyoncé,Fm,122,2009,R&B,
My Humps,Black Eyed Peas,C#m,124,2005,R&B,
Japanese Denim,Daniel Caesar,Eb,124,2016,R&B,
Only Girl (In the World),Rihanna,D,126,2010,R&B,
The Time (Dirty Bit),Black Eyed Peas,E,128,2010,R&B,
S&M,Rihanna,Ebm,128,2010,R&B,
Mad,Ne-Yo,C,130,2008,R&B,
Need to Know,Doja Cat,Ebm,130,2021,R&B,
Right Now (Na Na Na),Akon,B,138,2008,R&B,
7 Rings,Ariana Grande,C#m,141,2019,R&B,
Bang Bang,Ariana Grande,C,150,2014,R&B,
Pump It,Black Eyed Peas,E,154,2006,R&B,
Hey Ya! (Radio Mix - Club Mix),OutKast,Em,159,2003,R&B,
Pink + White,Frank Ocean,Em,160,2016,R&B,
I Believe I Can Fly,R. Kelly,C,60.145,1996,R&B,
Snooze,SZA,Am,71.474,2022,R&B,
Angel,Shaggy & Rayvon,F#,85.260,2001,R&B,
Empire State of Mind,Jay-Z & Alicia Keys,F#,86.650,2009,R&B,
Lonely,Akon,C,90.100,2004,R&B,
Stronger Than Me,Amy Winehouse,Dm,91.400,2003,R&B,
Family Affair,Mary J. Blige,G#m,92.900,2001,R&B,
Let Me Love You,Mario,Gm,94.500,2004,R&B,
Crazy in Love,Beyoncé & Jay-Z,D,99.270,2003,R&B,
Crazy in Love (no rap version),Beyoncé,D,99.270,2003,R&B,
Rock Your Body,Justin Timberlake,Em,100.985,2002,R&B,
Untitled (How Does It Feel),D'Angelo,D,112.620,2000,R&B,
Tears Dry On Their Own,Amy Winehouse,C#m,121.510,2006,R&B,
Say My Name,Destiny's Child,Cm,137.984,1999,R&B,
See You Again,Wiz Khalifa & Charlie Puth,Bb,80,2015,Rap,
Rockstar,Post Malone & 21 Savage,Gm,80,2017,Rap,
Love The Way You Lie,Eminem & Rihanna,Gm,87,2010,Rap,
Killing in the Name,Rage Against the Machine,Dm,88,1992,Rap,
Stereo Hearts,Gym Class Heroes & Adam Levine,A,90,2011,Rap,
Give It Away,Red Hot Chili Peppers,Am,91,1991,Rap,
Love Nwantiti (Ah Ah Ah),CKay & Joeboy & Kuami Eugene,Fm,93,2019,Rap,
Young,Wiz Khalifa & Snoop Dogg,D,95,2011,rap,
Thrift Shop,Macklemore & Ryan Lewis & Wanz,G#m,95,2012,Rap,
Shape of You (Stormzy Remix),Ed Sheeran,C#m,96,2017,Rap,
I Wanna Love You,Akon & Snoop Dogg,Am,100,2006,Rap,
Fly as Me,Silk Sonic,Em,100,2021,Rap,
Paint the Town Red,Doja Cat,Gm,100,2023,Rap,
Yeah!,Usher & Lil' Jon & Ludacris,Gm,105,2004,Rap,
Woman,Doja Cat,Cm,108,2021,Rap,
Promiscuous,Nelly Furtado & Timbaland,Bbm,114,2006,Rap,
Dangerous,Kardinal Offishall & Akon,Gm,117,2008,Rap,
Smack That,Akon & Eminem,Fm,119,2006,Rap,
Congratulations,Post Malone & Quavo,Gb,123,2016,Rap,
My Humps,Black Eyed Peas,C#m,124,2005,Rap,
Hotel Room Service,Pitbull & Nicole Scherzinger,B,126,2009,Rap,
I Know You Want Me (Calle Ocho),Pitbull,Dm,127,2009,Rap,
Pursuit of Happiness (Steve Aoki remix),Kid Cudi & MGMT & Ratatat,Am,128,2009,Rap,
Fergalicious,Fergie & will.i.am,Bbm,129,2006,Rap,
Give Me Everything Tonight,Pitbull,Eb,129,2011,Rap,
Need to Know,Doja Cat,Ebm,130,2021,Rap,
Timber,Pitbull & Kesha,G#m,130,2013,Rap,
Dark Horse,Katy Perry & Juicy J,Bbm,132,2013,Rap,
Day 'n' Nite (Nightmare),Kid Cudi,Em,138,2009,Rap,
Hey Ya! (Radio Mix - Club Mix),OutKast,Em,159,2003,Rap,
Pursuit of Happiness,Kid Cudi & MGMT & Ratatat,C,57.650,2009,Rap,
Clint Eastwood,Gorillaz,Ebm,84.010,2001,Rap,
Empire State of Mind,Jay-Z & Alicia Keys,F#,86.650,2009,Rap,
Feel Good Inc.,Gorillaz,Ebm,138.520,2005,Rap,
Billionaire,Travie McCoy & Bruno Mars,A,87,2010,Reggae,
It Wasn't Me,Shaggy & Ricardo Ducent,C,95,2000,Reggae,
Someone Like You (remix),Ziggy in tha House,G,99,2025,Reggae,
No Lie,Dua Lipa & Sean Paul,Am,102,2016,Reggae,
Cheerleader (Felix Jaehn Remix),OMI,E,118,2014,Reggae,
Is This Love,Groove Da Praia,A,120,2005,Reggae,
Am I Wrong,Nico & Vinz,Cm,120,2013,Reggae,
Calma (Remix),Pedro Capó & Farruko,D,127,2018,Reggae,
Ride,Twenty One Pilots,F#,150,2015,Reggae,
Angel,Shaggy & Rayvon,F#,85.260,2001,Reggae,
The Lazy Song,Bruno Mars,B,87.500,2010,Reggae,
Crazy,Aerosmith,A,54,1993,Rock,
I Don't Want to Miss a Thing,Aerosmith,D,61,1998,Rock,
Patience,Guns N' Roses,F#,61,1989,Rock,
Easy,Faith No More,Ab,62,1992,Rock,
Bubbly,Colbie Caillat,A,65,2007,Rock,
Knockin' on Heaven's Door,Guns N' Roses,Gb,66,1991,Rock,
What's Up?,4 Non Blondes,A,67,1993,Rock,
Somebody to Love,Queen,Ab,73,1976,Rock,
Photograph,Nickelback,Eb,73,2005,Rock,
The Scientist,Coldplay,F,73,2002,Rock,
Hey Jude,The Beatles,F,74,1968,Rock,
Don't Speak,No Doubt,Cm,76,1996,Rock,
Don't Let Me Down,The Beatles,E,76,1969,Rock,
Complicated,Avril Lavigne,F,78,2002,Rock,
Fly Away,Lenny Kravitz,G,80,1998,Rock,
We Will Rock You,Queen,Em,81,1977,Rock,
Come Together,The Beatles,Dm,84,1969,Rock,
Under the Bridge,Red Hot Chili Peppers,E,84,1992,Rock,
Zombie,The Cranberries,Em,84,1994,Rock,
California King Bed,Rihanna,G,85,2010,Rock,
Ironic,Alanis Morissette,B,86,1995,Rock,
How You Remind Me,Nickelback,Cm,86,2001,Rock,
Now and Then,The Beatles,Am,87,2023,Rock,
Wonderwall,Oasis,F#m,87,1995,Rock,
Sunday Morning,Maroon 5,C,88,2004,Rock,
Killing in the Name,Rage Against the Machine,Dm,88,1992,Rock,
Scar Tissue,Red Hot Chili Peppers,F,89,1999,Rock,
Give It Away,Red Hot Chili Peppers,Am,91,1991,Rock,
We Are Young,Fun & Janelle Monáe,F,92,2011,Rock,
Bohemian Rhapsody,Queen,Bb,93,1975,Rock,
Strawberry Fields Forever,The Beatles,Bb,95,1967,Rock,
Ode to My Family,The Cranberries,D,95,1994,Rock,
Linger,The Cranberries,D,95,1993,Rock,
This Love,Maroon 5,Eb,95,2002,Rock,
Dani California,Red Hot Chili Peppers,C,96,2006,Rock,
Californication,Red Hot Chili Peppers,Am,97,1999,Rock,
Say Something,Justin Timberlake & Chris Stapleton,Cm,97,2018,Rock,
Hey Soul Sister (Country Mix),Train,E,97,2010,Rock,
Change the World,Eric Clapton,E,97,1996,Rock,
Sunday Bloody Sunday,U2,Bbm,101,1983,Rock,
La flaca,Santana & Juanes,Am,103,2014,Rock,
La flaca,Jarabe de Palo,Am,103,1996,Rock,
Upside Down,Jack Johnson,E,103,2006,Rock,
Riders on the Storm,The Doors,Em,103,1971,Rock,
Paradise City,Guns N' Roses,F#,103,1987,Rock,
The Best,Tina Turner,F,104,1989,Rock,
All Star,Smash Mouth,F#,104,1999,Rock,
Even Flow,Pearl Jam,Ebm,105,1992,Rock,
You Oughta Know,Alanis Morissette,F#m,105,1995,Rock,
Black Hole Sun,Soundgarden,Ab,106,1994,Rock,
Snow (Hey Oh),Red Hot Chili Peppers,G#m,106,2006,Rock,
Walk This Way,Aerosmith,E,108,1975,Rock,
With or Without You,U2,D,109,1987,Rock,
I Want to Break Free,Queen,E,109,1984,Rock,
Under Pressure,Queen & David Bowie,D,114,1981,Rock,
Last Kiss,Pearl Jam,G,114,1999,Rock,
A Little Less Conversation,Elvis Presley,A,115,1968,Rock,
Smooth,Santana & Rob Thomas,Am,116,1999,Rock,
Sunshine of Your Love,Cream,D,116,1968,Rock,
Teenage Dream,Katy Perry,Bb,120,2009,Rock,
The Sweet Escape,Gwen Stefani & Akon,Bbm,120,2006,Rock,
It's My Life,Bon Jovi,Cm,120,2000,Rock,
The Game of Love,Santana & Michelle Branch,D,120,2002,Rock,
Sugar,Maroon 5,Db,120,2014,Rock,
Black or White,Michael Jackson,E,121,1991,Rock,
Livin' on a Prayer,Bon Jovi,Em,123,1986,Rock,
Kids,MGMT,F#m,123,2008,Rock,
Otherside,Red Hot Chili Peppers,C,124,2000,Rock,
Welcome to the Jungle,Guns N' Roses,Eb,124,1987,Rock,
Sweater Weather,The Neighbourhood,Gm,124,2013,Rock,
Sweet Child O' Mine,Guns N' Roses,Db,125,1987,Rock,
Losing My Religion,R.E.M.,Am,126,1991,Rock,
It's My Life,No Doubt,E,126,2003,Rock,
Who Can It Be Now,Men at Work,C#m,128,1982,Rock,
Dreams,The Cranberries,E,129,1992,Rock,
"I Kissed a Girl,Katy Perry,A,130,2008,Rock,,2001,""Electro,Dance"""
"Here Comes the Sun,The Beatles,A,130,1969,Rock,,2001,""Electro,Dance"""
Light My Fire (Single Version),The Doors,Am,130,1967,Rock,
Beggin',Måneskin,Bm,134,2017,Rock,
(I Can't Get No) Satisfaction,The Rolling Stones,E,137,1965,Rock,
Viva La Vida,Coldplay,Ab,138,2008,Rock,
Accidentally in Love,Shrek 2 (film) (Counting Crows),G,138,2004,Rock,
Overkill,Men at Work,E,139,1983,Rock,
Vertigo,U2,E,140,2004,Rock,
Rock and Roll All Nite,Kiss,Ab,141,1975,Rock,
93 Million Miles,Jason Mraz,Eb,141,2012,Rock,
Higher Ground,Red Hot Chili Peppers,Em,141,1989,Rock,
Rockstar,Nickelback,G,144,2005,Rock,
All the Small Things,Blink-182,C,148,1999,Rock,
Don't Stop Me Now,Queen,F,148,1978,Rock,
Ride,Twenty One Pilots,F#,150,2015,Rock,
Crazy Little Thing Called Love,Queen,D,154,1979,Rock,
Iris,Goo Goo Dolls (City of Angels),D,155,1998,Rock,
Proud Mary,Tina Turner & Ike Turner,D,156,1971,Rock,
All My Loving,The Beatles,E,156,1963,Rock,
Girlfriend,Avril Lavigne,D,164,2007,Rock,
Footloose,Footloose (1984 film),A,174,1984,Rock,
Dancing with Myself,Billy Idol (Generation X),E,176,1981,Rock,
Thinking of You,Katy Perry,E,73.500,2009,Rock,
Rock Me Baby,Tina Turner,E,78.625,1987,Rock,
Can't Stop,Red Hot Chili Peppers,G,91.450,2003,Rock,
Torn,Natalie Imbruglia,F,96.290,1997,Rock,
Another One Bites the Dust,Queen,Fm,109.930,1980,Rock,
Big Girls Don't Cry,Fergie,G,113.090,2006,Rock,
Ticket to Ride,The Beatles,A,123.860,1965,Rock,
Clocks,Coldplay,Eb,131.210,2002,Rock,
Beautiful Day,U2,D,136.260,1996,Rock,
Maneater,Hall & Oates,Bm,177.634,1982,Rock,
I Got a Woman,Ray Charles,A,99,1954,Rock 'n Roll,
A Little Less Conversation,Elvis Presley,A,115,1968,Rock 'n Roll,
A Little Less Conversation,Junkie XL & Elvis Presley,E,115,2002,Rock 'n Roll,
Chain of Fools,Aretha Franklin,Cm,117,1967,Rock 'n Roll,
Twist and Shout,The Beatles,D,125,1963,Rock 'n Roll,
I Want to Hold Your Hand,The Beatles,G,131,1964,Rock 'n Roll,
Crazy Little Thing Called Love,Queen,D,154,1979,Rock 'n Roll,
Can't Buy Me Love,The Beatles,C,172,1964,Rock 'n Roll,
Hit the Road Jack,Ray Charles,G#m,172,1961,Rock 'n Roll,
You're the One That I Want,Grease (film),Am,106.800,1978,Rock 'n Roll,
"Feels,""Calvin Harris & Katy Perry, Pharrell Williams & Big Sean"",Em,101,2017,Ska,"
Never Tear Us Apart,INXS,Am,64,1988,Soft rock,
"After the Love Has Gone,""Earth, Wind & Fire"",F,65,1979,Soft rock,"
Something,The Beatles,C,67,1969,Soft rock,
Fix You,Coldplay,Eb,69,2005,Soft rock,
Bad Day,Daniel Powter,Eb,70,2005,Soft rock,
Love of My Life,Queen,F,76,1975,Soft rock,
Tears in Heaven,Eric Clapton,A,77,1992,Soft rock,
It Ain't Over 'til It's Over,Lenny Kravitz,Db,80,1991,Soft rock,
You're Beautiful,James Blunt,Eb,82,2005,Soft rock,
You Make Me Feel Brand New,Simply Red,Eb,82,2003,Soft rock,
The Reason,Hoobastank,E,83,2004,Soft rock,
One,U2,Am,90,1992,Soft rock,
More Than Words,Extreme,Gb,92,1990,Soft rock,
One,Mary J. Blige & U2,A,93,2005,Soft rock,
Human Nature,Michael Jackson,D,93,1983,Soft rock,
A Thousand Miles,Vanessa Carlton,B,95,2002,Soft rock,
Bésame mucho,Andrea Bocelli,Cm,95,2006,Soft rock,
Linger,The Cranberries,D,95,1993,Soft rock,
All You Need Is Love,The Beatles,G,105,1967,Soft rock,
Down Under,Men at Work,D,107,1981,Soft rock,
Better Together,Jack Johnson,F,110,2005,Soft rock,
Save Room,John Legend,Am,112,2006,Soft rock,
Eye in the Sky,The Alan Parsons Project,D,112,1982,Soft rock,
I Just Called to Say I Love You (single version),Stevie Wonder,Db,113,1984,Soft rock,
Banana Pancakes,Jack Johnson,G,114,2005,Soft rock,
Say It Right,Nelly Furtado,Fm,116,2006,Soft rock,
Am I Wrong,Nico & Vinz,Cm,120,2013,Soft rock,
Everything,Michael Bublé,D,123,2007,Soft rock,
Budapest,George Ezra,F,128,2013,Soft rock,
Lucky,Jason Mraz & Colbie Caillat,Am,130,2009,Soft rock,
Just the Way You Are,Billy Joel,D,139,1977,Soft rock,
Die with a Smile,Lady Gaga & Bruno Mars,A,52.667,2024,Soft rock,
Far Away,Nickelback,B,66.500,2005,Soft rock,
I'm Yours,Jason Mraz,B,75.500,2008,Soft rock,
Holding Back the Years,Simply Red,Am,86.120,1985,Soft rock,
Yellow,Coldplay,B,86.750,2000,Soft rock,
If You Don't Know Me By Now,Simply Red,Bb,94.900,1989,Soft rock,
TRUE,Spandau Ballet,G,97.980,1983,Soft rock,
Stars,Simply Red,G,103.710,1991,Soft rock,
Let's Stay Together,Tina Turner,B,105.880,1983,Soft rock,
Sacrifice,Elton John,Db,111.340,1989,Soft rock,
Kiss From a Rose,Seal,Ab,131.714,1994,Soft rock,
I Have Nothing,The Bodyguard (Whitney Houston),G,51,1993,Soul,
Lose Control,Teddy Swims,F#m,54,2023,Soul,
At Last,Etta James,F,58,1960,Soul,
Tadow,Masego & FKJ,Am,61,2019,Soul,
Killing Me Softly with His Song,Roberta Flack,Fm,61,1973,Soul,
All of Me,John Legend,Ab,63,2013,Soul,
Fallin',Alicia Keys,Em,64,2001,Soul,
Greatest Love of All,Whitney Houston,A,65,1986,Soul,
Saving All My Love For You,Whitney Houston,A,66,1985,Soul,
Easy (Like Sunday Morning),Commodores,Ab,66,1977,Soul,
Someone Like You,Adele,A,67,2011,Soul,
That's What I Like,Bruno Mars,Bbm,67,2016,Soul,
Ribbon in the Sky,Stevie Wonder,Eb,68,1982,Soul,
Like I'm Gonna Lose You,Meghan Trainor & John Legend,C,72,2015,Soul,
I Smile,Kirk Franklin,Db,72,2011,Soul,
Talking to the Moon,Bruno Mars,,73,2010,Soul,
Just the Way You Are,Barry White,A,74,1978,Soul,
Leave the Door Open,Silk Sonic (Bruno Mars & Anderson .Paak),Am,74,2021,Soul,
Get You,Daniel Caesar & Kali Uchis,Bm,74,2016,Soul,
"Would You Mind,""Earth, Wind & Fire"",E,74,1999,Soul,"
Nothing Left,Bruno Mars,A,75,2026,Soul,
Best Part,Daniel Caesar & H.E.R.,D,75,2017,Soul,
Lately,Stevie Wonder,Db,76,1980,Soul,
Too Much,Johnny Mathis & Deniece Williams,Eb,78,1970,soul,
Ain't No Sunshine,Bill Withers,Am,79,1971,Soul,
One Moment In Time,Whitney Houston,C,79,1988,Soul,
It Ain't Over 'til It's Over,Lenny Kravitz,Db,80,1991,Soul,
Redbone,Childish Gambino,Ebm,80,2016,Soul,
God Was Showing Off,Bruno Mars,F#,80,2026,Soul,
I Want to Know What Love Is,Mariah Carey,Gb,80,2009,Soul,
Them Changes,Thundercat,Ebm,81,2015,Soul,
Everybody Loves the Sunshine,Roy Ayers,F#m,81,1976,Soul,
Is It a Crime,Sade,Cm,82,1985,Soul,
Smokin Out the Window,Silk Sonic,D,82,2021,Soul,
I'm Not the Only One,Sam Smith,F,82,2014,Soul,
Brown Sugar,D'Angelo,Bm,83,1995,Soul,
Overjoyed,Stevie Wonder,Eb,83,1986,Soul,
Stay with Me,Sam Smith,C,85,2014,Soul,
Cruisin',Smokey Robinson,E,85,1979,Soul,
Lady,D'Angelo,Ebm,85,1996,Soul,
What You Won't Do For Love,Bobby Caldwell,F#m,85,1978,Soul,
My Boo,Usher & Alicia Keys,Dm,87,2004,Soul,
Don't Know Why,Norah Jones,Bb,88,2002,Soul,
Sweet Love,Anita Baker,Bb,89,1986,Soul,
Your Love Is King,Sade,A,90,1984,Soul,
No One,Alicia Keys,E,90,2007,Soul,
How Deep Is Your Love (live),PJ Morton & Yebba,F#,90,2018,Soul,
Colors,Black Pumas,F#m,90,2019,Soul,
This Masquerade (Single Version),George Benson,Fm,90,1976,Soul,
Girl on Fire (main version),Alicia Keys,A,93,2012,Soul,
Lovely Day,Billy Ocean & YolanDa Brown & Ruti,A,94,2021,Soul,
Put Your Records On,Corinne Bailey Rae,A,96,2006,Soul,
Valerie (Live BBC Radio 1 in Lounge),Amy Winehouse,Eb,96,2007,Soul,
Just the Two of Us,Grover Washington Jr. & Bill Withers,Fm,96,1981,Soul,
Love Theory,Kirk Franklin,Bbm,97,2019,Soul,
Lovely Day,Bill Withers,E,98,1977,Soul,
Fly as Me,Silk Sonic,Em,100,2021,Soul,
Ordinary People,John Legend,F,100,2004,Soul,
My Cherie Amour,Stevie Wonder,Db,101,1969,Soul,
Sexual Healing (Kygo remix),Marvin Gaye,Eb,101,2013,Soul,
Valerie ('68 version),Amy Winehouse,Eb,101,2011,Soul,
Let's Stay Together,Al Green,F,101,1972,Soul,
High,Lighthouse Family,Bb,102,1998,Soul,
What's Going On,Marvin Gaye,E,102,1971,Soul,
You Know I'm No Good,Amy Winehouse,Dm,103,2006,Soul,
I Just Might,Bruno Mars,F,103,2026,Soul,
My Girl,The Temptations,C,105,1965,Soul,
Rolling in the Deep,Adele,Cm,105,2010,Soul,
Valerie,Amy Winehouse & Mark Ronson,Eb,106,2007,Soul,
Set Fire to the Rain,Adele,Dm,108,2011,Soul,
"In the Stone (Intro only),""Earth, Wind & Fire"",B,109,1979,Soul,"
Signed,Stevie Wonder,F,109,1970,soul,
For Once in My Life,Stevie Wonder,F,109,1968,Soul,
Un-Break My Heart,Toni Braxton,Bm,110,1996,Soul,
Never Too Much,Luther Vandross,Bm,110,1981,Soul,
Killing Me Softly,Luther Vandross,F,110,1994,Soul,
(You Make Me Feel Like) A Natural Woman,Aretha Franklin,C,111,1968,Soul,
Say So,Doja Cat,D,111,2019,Soul,
Grenade,Bruno Mars,Dm,111,2010,Soul,
Stay,Rihanna & Mikky Ekko,Am,112,2012,Soul,
Save Room,John Legend,Am,112,2006,Soul,
Cold Sweat,James Brown,D,112,1967,soul,
Can't Help Falling in Love (Mark Ronson remix),Elvis (film),D,112,2022,Soul,
Skate,Silk Sonic,Dm,112,2021,Soul,
Feet Don't Fail Me Now,Joy Crookes,Bbm,113,2021,Soul,
Respect,Aretha Franklin,C,114,1967,Soul,
I'm Every Woman,Chaka Khan,Cm,115,1978,Soul,
We Are Family (album version),Sister Sledge,A,116,1979,Soul,
Treasure,Bruno Mars,Cm,116,2012,Soul,
Chain of Fools,Aretha Franklin,Cm,117,1967,Soul,
I Heard It Through the Grapevine,Marvin Gaye,Ebm,117,1968,Soul,
We Are Family (Radio Edit),Sister Sledge,A,119,1979,Soul,
Man I Need,Olivia Dean,Db,119,2025,Soul,
Isn't She Lovely,Stevie Wonder,E,119,1976,Soul,
If I Ain't Got You,Alicia Keys,G,119,2004,Soul,
I'm Every Woman,The Bodyguard (Whitney Houston),Cm,120,1993,Soul,
What a Fool Believes,The Doobie Brothers,Bbm,121,1978,Soul,
Back to Black,Amy Winehouse,Dm,123,2006,Soul,
Japanese Denim,Daniel Caesar,Eb,124,2016,Soul,
Cha Cha Cha,Bruno Mars,Cm,125,2026,Soul,
The Door,Teddy Swims,G#m,128,2023,Soul,
Ain't No Mountain High Enough,Marvin Gaye & Tammi Terrell,D,129,1967,Soul,
Sunny,Bobby Hebb,Em,129,1966,Soul,
On My Soul,Bruno Mars,Ebm,130,2026,Soul,
Something Serious,Bruno Mars,Am,132,2026,Soul,
All About That Bass,Meghan Trainor,A,134,2014,Soul,
I Say a Little Prayer,Aretha Franklin,A,134,1968,Soul,
You Are the Sunshine of My Life,Stevie Wonder,B,134,1972,Soul,
Hallelujah I Love Her So,Ray Charles,B,147,1956,Soul,
I Say a Little Prayer,Dionne Warwick,Em,148,1967,Soul,
Bang Bang,Ariana Grande,C,150,2014,Soul,
L-O-V-E,Nat King Cole,G,155,1964,Soul,
Proud Mary,Tina Turner & Ike Turner,D,156,1971,Soul,
Pink + White,Frank Ocean,Em,160,2016,Soul,
Happy,Pharrell Williams,Fm,160,2013,Soul,
Hit the Road Jack,Ray Charles,G#m,172,1961,Soul,
Count On Me,Bruno Mars,C,178,2010,Soul,
Love on the Brain,Rihanna,G,57.330,2016,Soul,
I Believe I Can Fly,R. Kelly,C,60.145,1996,Soul,
No Ordinary Love,Sade,Bm,83.170,1992,Soul,
Holding Back the Years,Simply Red,Am,86.120,1985,Soul,
The Lazy Song,Bruno Mars,B,87.500,2010,Soul,
Ocean Drive,Lighthouse Family,D,90.650,1995,Soul,
Stronger Than Me,Amy Winehouse,Dm,91.400,2003,Soul,
The Sweetest Taboo,Sade,Bbm,91.500,1985,Soul,
Sexual Healing,Marvin Gaye,Eb,94.400,1982,Soul,
Just the Two of Us,Bill Withers,Fm,95.890,1980,Soul,
Kiss of Life,Sade,F#m,97.075,1992,Soul,
Stars,Simply Red,G,103.710,1991,Soul,
Nothing Can Come Between Us,Sade,Fm,103.830,1988,Soul,
Would I Lie to You?,Charles & Eddie,G,103.978,1992,Soul,
How Deep Is Your Love,Bee Gees,Eb,103.980,1977,Soul,
I Just Might (68th Annual Grammy Performance),Bruno Mars,F,104.980,2026,Soul,
P.D.A. (We Just Don't Care),John Legend,B,111.500,2007,Soul,
Untitled (How Does It Feel),D'Angelo,D,112.620,2000,Soul,
Smooth Operator,Sade,Dm,119.300,1984,Soul,
Tears Dry On Their Own,Amy Winehouse,C#m,121.510,2006,Soul,
Don't Leave Me This Way,Thelma Houston,C,123.840,1973,Soul,
Papa Was a Rolling Stone,The Temptations,Bbm,123.972,1972,Soul,
Rehab,Amy Winehouse,C,145.500,2006,Soul,
Part-Time Lover,Stevie Wonder,Bbm,177.820,1985,Soul,
I Have Nothing,The Bodyguard (Whitney Houston),G,51,1993,Soundtrack,
I Don't Want to Miss a Thing,Aerosmith,D,61,1998,Soundtrack,
Always Remember Us This Way,A Star is Born (2018 film) (Lady Gaga),Am,65,2018,Soundtrack,
Escape (The Piña Colada Song),Jack Johnson (The Secret Life of Walter Mitty),A,67,2013,Soundtrack,
I Will Always Love You,The Bodyguard (Whitney Houston),A,67,1992,Soundtrack,
Thank You,Dido,B,80,1998,Soundtrack,
See You Again,Wiz Khalifa & Charlie Puth,Bb,80,2015,Soundtrack,
Love Me Like You Do,Ellie Goulding,Ab,95,2014,Soundtrack,
Shallow,A Star is Born (2018 film) (Lady Gaga & Bradley Cooper),G,96,2018,Soundtrack,
Stay,Zedd & Alessia Cara,Fm,102,2017,Soundtrack,
Upside Down,Jack Johnson,E,103,2006,Soundtrack,
All Star,Smash Mouth,F#,104,1999,Soundtrack,
Stayin' Alive,Bee Gees,Fm,105,1977,Soundtrack,
(I've Had) The Time of My Life,Dirty Dancing (Bill Medley & Jennifer Warnes),E,108,1987,Soundtrack,
Dance the Night,Barbie (2023 film) (Dua Lipa),Bm,110,2023,Soundtrack,
Don't You (Forget About Me),Simple Minds,E,111,1985,Soundtrack,
Can't Help Falling in Love (Mark Ronson remix),Elvis (film),D,112,2022,Soundtrack,
Can't Stop the Feeling,Trolls (Justin Timberlake),C,113,2016,Soundtrack,
Crazy in Love (2014 remix),Beyoncé,Dm,115,2014,Soundtrack,
You've Got a Friend in Me,Toy Story (Randy Newman),Eb,116,1995,Soundtrack,
I'm Every Woman,The Bodyguard (Whitney Houston),Cm,120,1993,Soundtrack,
Golden,KPop Demon Hunters,G,123,2025,Soundtrack,
Danza kuduro,Don Omar & Lucenzo,Am,130,2010,Soundtrack,
Accidentally in Love,Shrek 2 (film) (Counting Crows),G,138,2004,Soundtrack,
Iris,Goo Goo Dolls (City of Angels),D,155,1998,Soundtrack,
Happy,Pharrell Williams,Fm,160,2013,Soundtrack,
Footloose,Footloose (1984 film),A,174,1984,Soundtrack,
I'll Be There for You,The Rembrandts (Friends),A,191,1995,Soundtrack,
You're the One That I Want,Grease (film),Am,106.800,1978,Soundtrack,
Girls Just Want to Have Fun,Cyndi Lauper,F#,120.410,1983,Soundtrack,
It's Raining Men,Geri Halliwell,Fm,136.450,2001,Soundtrack,
I Smile,Kirk Franklin,Db,72,2011,Spiritual Music,
Love Theory,Kirk Franklin,Bbm,97,2019,Spiritual Music,
Never Tear Us Apart,INXS,Am,64,1988,Synthpop,
Electric Feel,MGMT,Cm,103,2007,Synthpop,
Finesse (remix),Bruno Mars & Cardi B,Fm,105,2018,Synthpop,
24K Magic,Bruno Mars,Fm,107,2016,Synthpop,
Don't You (Forget About Me),Simple Minds,E,111,1985,Synthpop,
Caribbean Queen (No More Love on the Run - Single Version),Billy Ocean,Dm,114,1984,Synthpop,
Save Your Tears (remix),The Weeknd & Ariana Grande,C,118,2021,Synthpop,
Save Your Tears,The Weeknd,C,118,2020,Synthpop,
Safe And Sound,Capital Cities,C,118,2011,Synthpop,
I Wanna Dance with Somebody (Who Loves Me),Whitney Houston,Gb,119,1987,Synthpop,
Gimme! Gimme! Gimme! (A Man After Midnight),ABBA,Dm,120,1979,Synthpop,
Sweet Dreams (Are Made of This),Eurythmics,Cm,125,1983,Synthpop,
I Love It,Icona Pop & Charli XCX,Ab,126,2012,Synthpop,
Dark Horse,Katy Perry & Juicy J,Bbm,132,2013,Synthpop,
It's Raining Men,Weather Girls,Fm,137,1982,Synthpop,
Blinding Lights,The Weeknd,Fm,171,2019,Synthpop,
Dancing with Myself,Billy Idol (Generation X),E,176,1981,Synthpop,
La Isla Bonita,Madonna,C#m,100.017,1986,Synthpop,
On Melancholy Hill,Gorillaz,D,120.410,2010,Synthpop,
Girls Just Want to Have Fun,Cyndi Lauper,F#,120.410,1983,Synthpop,
It's My Life,Talk Talk,Eb,126.310,1984,Synthpop,
Positions,Ariana Grande,Dm,72,2020,Teen pop,
Oops!... I Did It Again,Britney Spears,C#m,95,2000,Teen pop,
Work From Home,Fifth Harmony & Ty Dolla Sign,Fm,105,2016,Teen pop,
Sexyback,Justin Timberlake & Timbaland,Dm,117,2006,Teen pop,
Don't Cha (radio edit),The Pussycat Dolls,Bbm,120,2005,Teen pop,
Call Me Maybe,Carly Rae Jepsen,G,120,2011,Teen pop,
Baby,Justin Bieber & Ludacris,Eb,130,2010,Teen pop,
APT.,Rosé (로제) & Bruno Mars,Eb,149,2024,Teen pop,
Sk8er Boi,Avril Lavigne,D,150,2002,Teen pop,
Girlfriend,Avril Lavigne,D,164,2007,Teen pop,
I Want It That Way,Backstreet Boys,F#m,99.040,1999,Teen pop,
Rock Your Body,Justin Timberlake,Em,100.985,2002,Teen pop,
Big Girls Don't Cry,Fergie,G,113.090,2006,Teen pop,
Toxic,Britney Spears,Cm,142.980,2003,Teen pop,
Galway Girl,Ed Sheeran,F#m,100,2017,Traditional,
When the Saints Go Marching in (Big Band Version),Traditional,C,188.140,1896,Traditional,
Calm Down (remix),Rema & Selena Gomez,B,107,2022,Zouk/Creole/Soca/Calypso,
Calm Down,Rema,B,107,2022,Zouk/Creole/Soca/Calypso,
